<?xml version="1.0" encoding="utf-8"?>
<root cfg_ver="1">
  <common unlock_level="((NewYork,1),0)" />
  <sales>
    <sale start="2025-04-06 00-00" duration="72">
      <items>
        <item name="Pack1" enabled="true" discount_size="15" label_type="SalePercent" item_count="70" />
        <item name="Pack2" enabled="true" discount_size="15" label_type="SalePercent" item_count="350" />
        <item name="Pack3" enabled="true" discount_size="25" label_type="SalePercent" item_count="815" />
        <item name="Pack4" enabled="true" discount_size="25" label_type="SalePercent" item_count="2125" />
        <item name="Pack5" enabled="true" discount_size="30" label_type="SalePercent" item_count="4550" />
        <item name="Pack6" enabled="true" discount_size="40" label_type="SalePercent" item_count="10050" />
      </items>
    </sale>
  </sales>
  <bundle_sales>
    <bundle_sale cfg_ver="2" name="Christmas_2020_extra_3_Sale_paying" template="christmas_sale_3" purchase="Christmas_2020_extra_3" start="2024-12-24 19-00" duration="168" buy_count="1" discount_size="0" scroll_type="Vanity" scroll_icon="Christmas_2020">
      <user_segment cfg_ver="2" not_paying="false" fav_others="false">
        <block_purchase name="Christmas_2020_extra_3_Sale_paying" />
        <block_purchase name="Christmas_2020_extra_3_Sale_not_paying" />
      </user_segment>
    </bundle_sale>
    <bundle_sale cfg_ver="2" name="Christmas_2020_extra_3_Sale_not_paying" template="christmas_sale_3" purchase="Christmas_2020_extra_3" start="2024-12-24 19-00" duration="168" buy_count="1" discount_size="0" scroll_type="Vanity" scroll_icon="Christmas_2020">
      <user_segment cfg_ver="2" not_paying="true" fav_others="false">
        <block_purchase name="Christmas_2020_extra_3_Sale_paying" />
        <block_purchase name="Christmas_2020_extra_3_Sale_not_paying" />
      </user_segment>
    </bundle_sale>
    <bundle_sale cfg_ver="2" name="Christmas_2020_extra_2_Sale_paying" template="christmas_sale_2" purchase="Christmas_2020_extra_2" start="2024-12-24 19-00" duration="168" buy_count="1" discount_size="0" scroll_type="Vanity" scroll_icon="Christmas_2020">
      <user_segment cfg_ver="2" not_paying="false" fav_others="false">
        <block_purchase name="Christmas_2020_extra_2_Sale_paying" />
        <block_purchase name="Christmas_2020_extra_2_Sale_not_paying" />
        <block_purchase name="Christmas_2020_extra_3_Sale_paying" />
        <block_purchase name="Christmas_2020_extra_3_Sale_not_paying" />
      </user_segment>
    </bundle_sale>
    <bundle_sale cfg_ver="2" name="Christmas_2020_extra_2_Sale_not_paying" template="christmas_sale_2" purchase="Christmas_2020_extra_2" start="2024-12-24 19-00" duration="168" buy_count="1" discount_size="0" scroll_type="Vanity" scroll_icon="Christmas_2020">
      <user_segment cfg_ver="2" not_paying="true" fav_others="false">
        <block_purchase name="Christmas_2020_extra_2_Sale_paying" />
        <block_purchase name="Christmas_2020_extra_2_Sale_not_paying" />
        <block_purchase name="Christmas_2020_extra_3_Sale_paying" />
        <block_purchase name="Christmas_2020_extra_3_Sale_not_paying" />
      </user_segment>
    </bundle_sale>
    <bundle_sale cfg_ver="2" name="Christmas_2020_extra_1_Sale_paying" template="christmas_sale_1" purchase="Christmas_2020_extra_1" start="2024-12-24 19-00" duration="168" buy_count="1" discount_size="0" scroll_type="Vanity" scroll_icon="Christmas_2020">
      <user_segment cfg_ver="2" not_paying="false" fav_others="false">
        <block_purchase name="Christmas_2020_extra_1_Sale_paying" />
        <block_purchase name="Christmas_2020_extra_1_Sale_not_paying" />
        <block_purchase name="Christmas_2020_extra_2_Sale_paying" />
        <block_purchase name="Christmas_2020_extra_2_Sale_not_paying" />
        <block_purchase name="Christmas_2020_extra_3_Sale_paying" />
        <block_purchase name="Christmas_2020_extra_3_Sale_not_paying" />
      </user_segment>
    </bundle_sale>
    <bundle_sale cfg_ver="2" name="Christmas_2020_extra_1_Sale_not_paying" template="christmas_sale_1" purchase="Christmas_2020_extra_1" start="2024-12-24 19-00" duration="168" buy_count="1" discount_size="0" scroll_type="Vanity" scroll_icon="Christmas_2020">
      <user_segment cfg_ver="2" not_paying="true" fav_others="false">
        <block_purchase name="Christmas_2020_extra_1_Sale_paying" />
        <block_purchase name="Christmas_2020_extra_1_Sale_not_paying" />
        <block_purchase name="Christmas_2020_extra_2_Sale_paying" />
        <block_purchase name="Christmas_2020_extra_2_Sale_not_paying" />
        <block_purchase name="Christmas_2020_extra_3_Sale_paying" />
        <block_purchase name="Christmas_2020_extra_3_Sale_not_paying" />
      </user_segment>
    </bundle_sale>
    <bundle_sale cfg_ver="2" name="NewYear_2022_Super_Bundle_2" template="new_year_super_bundle" purchase="NewYear_2022_super_bundle_2" start="2024-12-29 19-00" duration="168" buy_count="1" discount_size="40" scroll_type="Super" scroll_icon="New_Year_Super_Bundle">
      <user_segment cfg_ver="2" not_paying="true" fav_others="false">
        <block_purchase name="NewYear_2022_Super_Bundle_3" />
        <block_purchase name="NewYear_2022_Super_Bundle_4" />
        <block_purchase name="NewYear_2022_Super_Bundle_5" />
        <block_purchase name="NewYear_2022_Super_Bundle_6" />
        <block_purchase name="NewYear_2022_Super_Bundle_7" />
      </user_segment>
    </bundle_sale>
    <bundle_sale cfg_ver="2" name="NewYear_2022_Super_Bundle_3" template="new_year_super_bundle" purchase="NewYear_2022_super_bundle_3" start="2024-12-29 19-00" duration="168" buy_count="1" discount_size="15" scroll_type="Super" scroll_icon="New_Year_Super_Bundle">
      <user_segment cfg_ver="2" not_paying="false" fav_others="false">
        <block_purchase name="NewYear_2022_Super_Bundle_2" />
        <block_purchase name="NewYear_2022_Super_Bundle_4" />
        <block_purchase name="NewYear_2022_Super_Bundle_5" />
        <block_purchase name="NewYear_2022_Super_Bundle_6" />
        <block_purchase name="NewYear_2022_Super_Bundle_7" />
        <price_range condition="Greater" value="0" />
        <price_range condition="LessEquals" value="6.99" />
      </user_segment>
    </bundle_sale>
    <bundle_sale cfg_ver="2" name="NewYear_2022_Super_Bundle_4" template="new_year_super_bundle" purchase="NewYear_2022_super_bundle_4" start="2024-12-29 19-00" duration="168" buy_count="1" discount_size="15" scroll_type="Super" scroll_icon="New_Year_Super_Bundle">
      <user_segment cfg_ver="2" not_paying="false" fav_others="false">
        <block_purchase name="NewYear_2022_Super_Bundle_2" />
        <block_purchase name="NewYear_2022_Super_Bundle_3" />
        <block_purchase name="NewYear_2022_Super_Bundle_5" />
        <block_purchase name="NewYear_2022_Super_Bundle_6" />
        <block_purchase name="NewYear_2022_Super_Bundle_7" />
        <price_range condition="Greater" value="6.99" />
        <price_range condition="LessEquals" value="12.98" />
      </user_segment>
    </bundle_sale>
    <bundle_sale cfg_ver="2" name="NewYear_2022_Super_Bundle_5" template="new_year_super_bundle" purchase="NewYear_2022_super_bundle_5" start="2024-12-29 19-00" duration="168" buy_count="1" discount_size="15" scroll_type="Super" scroll_icon="New_Year_Super_Bundle">
      <user_segment cfg_ver="2" not_paying="false" fav_others="false">
        <block_purchase name="NewYear_2022_Super_Bundle_2" />
        <block_purchase name="NewYear_2022_Super_Bundle_3" />
        <block_purchase name="NewYear_2022_Super_Bundle_4" />
        <block_purchase name="NewYear_2022_Super_Bundle_6" />
        <block_purchase name="NewYear_2022_Super_Bundle_7" />
        <price_range condition="Greater" value="12.98" />
        <price_range condition="LessEquals" value="29.98" />
      </user_segment>
    </bundle_sale>
    <bundle_sale cfg_ver="2" name="NewYear_2022_Super_Bundle_6" template="new_year_super_bundle" purchase="NewYear_2022_super_bundle_6" start="2024-12-29 19-00" duration="168" buy_count="1" discount_size="15" scroll_type="Super" scroll_icon="New_Year_Super_Bundle">
      <user_segment cfg_ver="2" not_paying="false" fav_others="false">
        <block_purchase name="NewYear_2022_Super_Bundle_2" />
        <block_purchase name="NewYear_2022_Super_Bundle_3" />
        <block_purchase name="NewYear_2022_Super_Bundle_4" />
        <block_purchase name="NewYear_2022_Super_Bundle_5" />
        <block_purchase name="NewYear_2022_Super_Bundle_7" />
        <price_range condition="Greater" value="29.98" />
        <price_range condition="LessEquals" value="49.98" />
      </user_segment>
    </bundle_sale>
    <bundle_sale cfg_ver="2" name="NewYear_2022_Super_Bundle_7" template="new_year_super_bundle" purchase="NewYear_2022_super_bundle_7" start="2024-12-29 19-00" duration="168" buy_count="1" discount_size="15" scroll_type="Super" scroll_icon="New_Year_Super_Bundle">
      <user_segment cfg_ver="2" not_paying="false" fav_others="false">
        <block_purchase name="NewYear_2022_Super_Bundle_2" />
        <block_purchase name="NewYear_2022_Super_Bundle_3" />
        <block_purchase name="NewYear_2022_Super_Bundle_4" />
        <block_purchase name="NewYear_2022_Super_Bundle_5" />
        <block_purchase name="NewYear_2022_Super_Bundle_6" />
        <price_range condition="Greater" value="49.98" />
      </user_segment>
    </bundle_sale>
    <bundle_sale cfg_ver="2" name="Chinese_2022_extra_3_Sale_paying" template="chinese2022_sale_3" purchase="Chinese_2022_extra_3" start="2025-01-05 19-00" duration="480" buy_count="1" discount_size="0" scroll_type="Vanity" scroll_icon="None">
      <user_segment cfg_ver="2" not_paying="false" fav_others="false">
        <block_purchase name="Chinese_2022_extra_3_Sale_paying" />
        <block_purchase name="Chinese_2022_extra_3_Sale_not_paying" />
      </user_segment>
    </bundle_sale>
    <bundle_sale cfg_ver="2" name="Chinese_2022_extra_3_Sale_not_paying" template="chinese2022_sale_3" purchase="Chinese_2022_extra_3" start="2025-01-05 19-00" duration="480" buy_count="1" discount_size="0" scroll_type="Vanity" scroll_icon="None">
      <user_segment cfg_ver="2" not_paying="true" fav_others="false">
        <block_purchase name="Chinese_2022_extra_3_Sale_paying" />
        <block_purchase name="Chinese_2022_extra_3_Sale_not_paying" />
      </user_segment>
    </bundle_sale>
    <bundle_sale cfg_ver="2" name="Chinese_2022_extra_2_Sale_paying" template="chinese2022_sale_2" purchase="Chinese_2022_extra_2" start="2025-01-05 19-00" duration="480" buy_count="1" discount_size="0" scroll_type="Vanity" scroll_icon="None">
      <user_segment cfg_ver="2" not_paying="false" fav_others="false">
        <block_purchase name="Chinese_2022_extra_2_Sale_paying" />
        <block_purchase name="Chinese_2022_extra_2_Sale_not_paying" />
        <block_purchase name="Chinese_2022_extra_3_Sale_paying" />
        <block_purchase name="Chinese_2022_extra_3_Sale_not_paying" />
      </user_segment>
    </bundle_sale>
    <bundle_sale cfg_ver="2" name="Chinese_2022_extra_2_Sale_not_paying" template="chinese2022_sale_2" purchase="Chinese_2022_extra_2" start="2025-01-05 19-00" duration="480" buy_count="1" discount_size="0" scroll_type="Vanity" scroll_icon="None">
      <user_segment cfg_ver="2" not_paying="true" fav_others="false">
        <block_purchase name="Chinese_2022_extra_2_Sale_paying" />
        <block_purchase name="Chinese_2022_extra_2_Sale_not_paying" />
        <block_purchase name="Chinese_2022_extra_3_Sale_paying" />
        <block_purchase name="Chinese_2022_extra_3_Sale_not_paying" />
      </user_segment>
    </bundle_sale>
    <bundle_sale cfg_ver="2" name="Chinese_2022_extra_1_Sale_paying" template="chinese2022_sale_1" purchase="Chinese_2022_extra_1" start="2025-01-05 19-00" duration="480" buy_count="1" discount_size="0" scroll_type="Vanity" scroll_icon="None">
      <user_segment cfg_ver="2" not_paying="false" fav_others="false">
        <block_purchase name="Chinese_2022_extra_1_Sale_paying" />
        <block_purchase name="Chinese_2022_extra_1_Sale_not_paying" />
        <block_purchase name="Chinese_2022_extra_2_Sale_paying" />
        <block_purchase name="Chinese_2022_extra_2_Sale_not_paying" />
        <block_purchase name="Chinese_2022_extra_3_Sale_paying" />
        <block_purchase name="Chinese_2022_extra_3_Sale_not_paying" />
      </user_segment>
    </bundle_sale>
    <bundle_sale cfg_ver="2" name="Chinese_2022_extra_1_Sale_not_paying" template="chinese2022_sale_1" purchase="Chinese_2022_extra_1" start="2025-01-05 19-00" duration="480" buy_count="1" discount_size="0" scroll_type="Vanity" scroll_icon="None">
      <user_segment cfg_ver="2" not_paying="true" fav_others="false">
        <block_purchase name="Chinese_2022_extra_1_Sale_paying" />
        <block_purchase name="Chinese_2022_extra_1_Sale_not_paying" />
        <block_purchase name="Chinese_2022_extra_2_Sale_paying" />
        <block_purchase name="Chinese_2022_extra_2_Sale_not_paying" />
        <block_purchase name="Chinese_2022_extra_3_Sale_paying" />
        <block_purchase name="Chinese_2022_extra_3_Sale_not_paying" />
      </user_segment>
    </bundle_sale>
    <bundle_sale cfg_ver="2" name="Valentines2021_extra_3_Sale_paying" template="stvalentinesday2021_sale_3" purchase="Valentines2021_extra_3" start="2025-02-02 19-00" duration="168" buy_count="1" discount_size="0" scroll_type="Vanity" scroll_icon="Valentines2021">
      <user_segment cfg_ver="2" not_paying="false" fav_others="false">
        <block_purchase name="Valentines2021_extra_3_Sale_paying" />
        <block_purchase name="Valentines2021_extra_3_Sale_not_paying" />
      </user_segment>
    </bundle_sale>
    <bundle_sale cfg_ver="2" name="Valentines2021_extra_3_Sale_not_paying" template="stvalentinesday2021_sale_3" purchase="Valentines2021_extra_3" start="2025-02-02 19-00" duration="168" buy_count="1" discount_size="0" scroll_type="Vanity" scroll_icon="Valentines2021">
      <user_segment cfg_ver="2" not_paying="true" fav_others="false">
        <block_purchase name="Valentines2021_extra_3_Sale_paying" />
        <block_purchase name="Valentines2021_extra_3_Sale_not_paying" />
      </user_segment>
    </bundle_sale>
    <bundle_sale cfg_ver="2" name="Valentines2021_extra_2_Sale_paying" template="stvalentinesday2021_sale_2" purchase="Valentines2021_extra_2" start="2025-02-02 19-00" duration="168" buy_count="1" discount_size="0" scroll_type="Vanity" scroll_icon="Valentines2021">
      <user_segment cfg_ver="2" not_paying="false" fav_others="false">
        <block_purchase name="Valentines2021_extra_2_Sale_paying" />
        <block_purchase name="Valentines2021_extra_2_Sale_not_paying" />
        <block_purchase name="Valentines2021_extra_3_Sale_paying" />
        <block_purchase name="Valentines2021_extra_3_Sale_not_paying" />
      </user_segment>
    </bundle_sale>
    <bundle_sale cfg_ver="2" name="Valentines2021_extra_2_Sale_not_paying" template="stvalentinesday2021_sale_2" purchase="Valentines2021_extra_2" start="2025-02-02 19-00" duration="168" buy_count="1" discount_size="0" scroll_type="Vanity" scroll_icon="Valentines2021">
      <user_segment cfg_ver="2" not_paying="true" fav_others="false">
        <block_purchase name="Valentines2021_extra_2_Sale_paying" />
        <block_purchase name="Valentines2021_extra_2_Sale_not_paying" />
        <block_purchase name="Valentines2021_extra_3_Sale_paying" />
        <block_purchase name="Valentines2021_extra_3_Sale_not_paying" />
      </user_segment>
    </bundle_sale>
    <bundle_sale cfg_ver="2" name="Valentines2021_extra_1_Sale_paying" template="stvalentinesday2021_sale_1" purchase="Valentines2021_extra_1" start="2025-02-02 19-00" duration="168" buy_count="1" discount_size="0" scroll_type="Vanity" scroll_icon="Valentines2021">
      <user_segment cfg_ver="2" not_paying="false" fav_others="false">
        <block_purchase name="Valentines2021_extra_1_Sale_paying" />
        <block_purchase name="Valentines2021_extra_1_Sale_not_paying" />
        <block_purchase name="Valentines2021_extra_2_Sale_paying" />
        <block_purchase name="Valentines2021_extra_2_Sale_not_paying" />
        <block_purchase name="Valentines2021_extra_3_Sale_paying" />
        <block_purchase name="Valentines2021_extra_3_Sale_not_paying" />
      </user_segment>
    </bundle_sale>
    <bundle_sale cfg_ver="2" name="Valentines2021_extra_1_Sale_not_paying" template="stvalentinesday2021_sale_1" purchase="Valentines2021_extra_1" start="2025-02-02 19-00" duration="168" buy_count="1" discount_size="0" scroll_type="Vanity" scroll_icon="Valentines2021">
      <user_segment cfg_ver="2" not_paying="true" fav_others="false">
        <block_purchase name="Valentines2021_extra_1_Sale_paying" />
        <block_purchase name="Valentines2021_extra_1_Sale_not_paying" />
        <block_purchase name="Valentines2021_extra_2_Sale_paying" />
        <block_purchase name="Valentines2021_extra_2_Sale_not_paying" />
        <block_purchase name="Valentines2021_extra_3_Sale_paying" />
        <block_purchase name="Valentines2021_extra_3_Sale_not_paying" />
      </user_segment>
    </bundle_sale>
    <bundle_sale cfg_ver="2" name="Valentines2020_extra_3_Sale_paying" template="stvalentinesday2020_sale_3" purchase="Valentines2020_extra_3" start="2025-02-12 19-00" duration="168" buy_count="1" discount_size="0" scroll_type="Vanity" scroll_icon="Valentines2020">
      <user_segment cfg_ver="2" not_paying="false" fav_others="false">
        <block_purchase name="Valentines2020_extra_3_Sale_paying" />
        <block_purchase name="Valentines2020_extra_3_Sale_not_paying" />
      </user_segment>
    </bundle_sale>
    <bundle_sale cfg_ver="2" name="Valentines2020_extra_3_Sale_not_paying" template="stvalentinesday2020_sale_3" purchase="Valentines2020_extra_3" start="2025-02-12 19-00" duration="168" buy_count="1" discount_size="0" scroll_type="Vanity" scroll_icon="Valentines2020">
      <user_segment cfg_ver="2" not_paying="true" fav_others="false">
        <block_purchase name="Valentines2020_extra_3_Sale_paying" />
        <block_purchase name="Valentines2020_extra_3_Sale_not_paying" />
      </user_segment>
    </bundle_sale>
    <bundle_sale cfg_ver="2" name="Valentines2020_extra_2_Sale_paying" template="stvalentinesday2020_sale_2" purchase="Valentines2020_extra_2" start="2025-02-12 19-00" duration="168" buy_count="1" discount_size="0" scroll_type="Vanity" scroll_icon="Valentines2020">
      <user_segment cfg_ver="2" not_paying="false" fav_others="false">
        <block_purchase name="Valentines2020_extra_2_Sale_paying" />
        <block_purchase name="Valentines2020_extra_2_Sale_not_paying" />
        <block_purchase name="Valentines2020_extra_3_Sale_paying" />
        <block_purchase name="Valentines2020_extra_3_Sale_not_paying" />
      </user_segment>
    </bundle_sale>
    <bundle_sale cfg_ver="2" name="Valentines2020_extra_2_Sale_not_paying" template="stvalentinesday2020_sale_2" purchase="Valentines2020_extra_2" start="2025-02-12 19-00" duration="168" buy_count="1" discount_size="0" scroll_type="Vanity" scroll_icon="Valentines2020">
      <user_segment cfg_ver="2" not_paying="true" fav_others="false">
        <block_purchase name="Valentines2020_extra_2_Sale_paying" />
        <block_purchase name="Valentines2020_extra_2_Sale_not_paying" />
        <block_purchase name="Valentines2020_extra_3_Sale_paying" />
        <block_purchase name="Valentines2020_extra_3_Sale_not_paying" />
      </user_segment>
    </bundle_sale>
    <bundle_sale cfg_ver="2" name="Valentines2020_extra_1_Sale_paying" template="stvalentinesday2020_sale_1" purchase="Valentines2020_extra_1" start="2025-02-12 19-00" duration="168" buy_count="1" discount_size="0" scroll_type="Vanity" scroll_icon="Valentines2020">
      <user_segment cfg_ver="2" not_paying="false" fav_others="false">
        <block_purchase name="Valentines2020_extra_1_Sale_paying" />
        <block_purchase name="Valentines2020_extra_1_Sale_not_paying" />
        <block_purchase name="Valentines2020_extra_2_Sale_paying" />
        <block_purchase name="Valentines2020_extra_2_Sale_not_paying" />
        <block_purchase name="Valentines2020_extra_3_Sale_paying" />
        <block_purchase name="Valentines2020_extra_3_Sale_not_paying" />
      </user_segment>
    </bundle_sale>
    <bundle_sale cfg_ver="2" name="Valentines2020_extra_1_Sale_not_paying" template="stvalentinesday2020_sale_1" purchase="Valentines2020_extra_1" start="2025-02-12 19-00" duration="168" buy_count="1" discount_size="0" scroll_type="Vanity" scroll_icon="Valentines2020">
      <user_segment cfg_ver="2" not_paying="true" fav_others="false">
        <block_purchase name="Valentines2020_extra_1_Sale_paying" />
        <block_purchase name="Valentines2020_extra_1_Sale_not_paying" />
        <block_purchase name="Valentines2020_extra_2_Sale_paying" />
        <block_purchase name="Valentines2020_extra_2_Sale_not_paying" />
        <block_purchase name="Valentines2020_extra_3_Sale_paying" />
        <block_purchase name="Valentines2020_extra_3_Sale_not_paying" />
      </user_segment>
    </bundle_sale>
    <bundle_sale cfg_ver="2" name="StValentinesDay_2022_extra_3_Sale_paying" template="stvalentinesday2022_sale_3" purchase="StValentinesDay_2022_extra_3" start="2025-02-22 19-00" duration="168" buy_count="1" discount_size="0" scroll_type="Vanity" scroll_icon="StValentinesDay_2022">
      <user_segment cfg_ver="2" not_paying="false" fav_others="false">
        <block_purchase name="StValentinesDay_2022_extra_3_Sale_paying" />
        <block_purchase name="StValentinesDay_2022_extra_3_Sale_not_paying" />
      </user_segment>
    </bundle_sale>
    <bundle_sale cfg_ver="2" name="StValentinesDay_2022_extra_3_Sale_not_paying" template="stvalentinesday2022_sale_3" purchase="StValentinesDay_2022_extra_3" start="2025-02-22 19-00" duration="168" buy_count="1" discount_size="0" scroll_type="Vanity" scroll_icon="StValentinesDay_2022">
      <user_segment cfg_ver="2" not_paying="true" fav_others="false">
        <block_purchase name="StValentinesDay_2022_extra_3_Sale_paying" />
        <block_purchase name="StValentinesDay_2022_extra_3_Sale_not_paying" />
      </user_segment>
    </bundle_sale>
    <bundle_sale cfg_ver="2" name="StValentinesDay_2022_extra_2_Sale_paying" template="stvalentinesday2022_sale_2" purchase="StValentinesDay_2022_extra_2" start="2025-02-22 19-00" duration="168" buy_count="1" discount_size="0" scroll_type="Vanity" scroll_icon="StValentinesDay_2022">
      <user_segment cfg_ver="2" not_paying="false" fav_others="false">
        <block_purchase name="StValentinesDay_2022_extra_2_Sale_paying" />
        <block_purchase name="StValentinesDay_2022_extra_2_Sale_not_paying" />
        <block_purchase name="StValentinesDay_2022_extra_3_Sale_paying" />
        <block_purchase name="StValentinesDay_2022_extra_3_Sale_not_paying" />
      </user_segment>
    </bundle_sale>
    <bundle_sale cfg_ver="2" name="StValentinesDay_2022_extra_2_Sale_not_paying" template="stvalentinesday2022_sale_2" purchase="StValentinesDay_2022_extra_2" start="2025-02-22 19-00" duration="168" buy_count="1" discount_size="0" scroll_type="Vanity" scroll_icon="StValentinesDay_2022">
      <user_segment cfg_ver="2" not_paying="true" fav_others="false">
        <block_purchase name="StValentinesDay_2022_extra_2_Sale_paying" />
        <block_purchase name="StValentinesDay_2022_extra_2_Sale_not_paying" />
        <block_purchase name="StValentinesDay_2022_extra_3_Sale_paying" />
        <block_purchase name="StValentinesDay_2022_extra_3_Sale_not_paying" />
      </user_segment>
    </bundle_sale>
    <bundle_sale cfg_ver="2" name="StValentinesDay_2022_extra_1_Sale_paying" template="stvalentinesday2022_sale_1" purchase="StValentinesDay_2022_extra_1" start="2025-02-22 19-00" duration="168" buy_count="1" discount_size="0" scroll_type="Vanity" scroll_icon="StValentinesDay_2022">
      <user_segment cfg_ver="2" not_paying="false" fav_others="false">
        <block_purchase name="StValentinesDay_2022_extra_1_Sale_paying" />
        <block_purchase name="StValentinesDay_2022_extra_1_Sale_not_paying" />
        <block_purchase name="StValentinesDay_2022_extra_2_Sale_paying" />
        <block_purchase name="StValentinesDay_2022_extra_2_Sale_not_paying" />
        <block_purchase name="StValentinesDay_2022_extra_3_Sale_paying" />
        <block_purchase name="StValentinesDay_2022_extra_3_Sale_not_paying" />
      </user_segment>
    </bundle_sale>
    <bundle_sale cfg_ver="2" name="StValentinesDay_2022_extra_1_Sale_not_paying" template="stvalentinesday2022_sale_1" purchase="StValentinesDay_2022_extra_1" start="2025-02-22 19-00" duration="168" buy_count="1" discount_size="0" scroll_type="Vanity" scroll_icon="StValentinesDay_2022">
      <user_segment cfg_ver="2" not_paying="true" fav_others="false">
        <block_purchase name="StValentinesDay_2022_extra_1_Sale_paying" />
        <block_purchase name="StValentinesDay_2022_extra_1_Sale_not_paying" />
        <block_purchase name="StValentinesDay_2022_extra_2_Sale_paying" />
        <block_purchase name="StValentinesDay_2022_extra_2_Sale_not_paying" />
        <block_purchase name="StValentinesDay_2022_extra_3_Sale_paying" />
        <block_purchase name="StValentinesDay_2022_extra_3_Sale_not_paying" />
      </user_segment>
    </bundle_sale>
    <bundle_sale cfg_ver="2" name="StValentinesDay_2022_Super_Bundle_2" template="stvalentinesday2022_super_bundle" purchase="StValentinesDay_2022_super_bundle_2" start="2025-02-09 19-00" duration="168" buy_count="1" discount_size="40" scroll_type="Super" scroll_icon="DSV_2022_Super_Bundle">
      <user_segment cfg_ver="2" not_paying="true" fav_others="false">
        <block_purchase name="StValentinesDay_2022_Super_Bundle_3" />
        <block_purchase name="StValentinesDay_2022_Super_Bundle_4" />
        <block_purchase name="StValentinesDay_2022_Super_Bundle_5" />
        <block_purchase name="StValentinesDay_2022_Super_Bundle_6" />
        <block_purchase name="StValentinesDay_2022_Super_Bundle_7" />
      </user_segment>
    </bundle_sale>
    <bundle_sale cfg_ver="2" name="StValentinesDay_2022_Super_Bundle_3" template="stvalentinesday2022_super_bundle" purchase="StValentinesDay_2022_super_bundle_3" start="2025-02-09 19-00" duration="168" buy_count="1" discount_size="15" scroll_type="Super" scroll_icon="DSV_2022_Super_Bundle">
      <user_segment cfg_ver="2" not_paying="false" fav_others="false">
        <block_purchase name="StValentinesDay_2022_Super_Bundle_2" />
        <block_purchase name="StValentinesDay_2022_Super_Bundle_4" />
        <block_purchase name="StValentinesDay_2022_Super_Bundle_5" />
        <block_purchase name="StValentinesDay_2022_Super_Bundle_6" />
        <block_purchase name="StValentinesDay_2022_Super_Bundle_7" />
        <price_range condition="Greater" value="0" />
        <price_range condition="LessEquals" value="6.99" />
      </user_segment>
    </bundle_sale>
    <bundle_sale cfg_ver="2" name="StValentinesDay_2022_Super_Bundle_4" template="stvalentinesday2022_super_bundle" purchase="StValentinesDay_2022_super_bundle_4" start="2025-02-09 19-00" duration="168" buy_count="1" discount_size="15" scroll_type="Super" scroll_icon="DSV_2022_Super_Bundle">
      <user_segment cfg_ver="2" not_paying="false" fav_others="false">
        <block_purchase name="StValentinesDay_2022_Super_Bundle_2" />
        <block_purchase name="StValentinesDay_2022_Super_Bundle_3" />
        <block_purchase name="StValentinesDay_2022_Super_Bundle_5" />
        <block_purchase name="StValentinesDay_2022_Super_Bundle_6" />
        <block_purchase name="StValentinesDay_2022_Super_Bundle_7" />
        <price_range condition="Greater" value="6.99" />
        <price_range condition="LessEquals" value="12.98" />
      </user_segment>
    </bundle_sale>
    <bundle_sale cfg_ver="2" name="StValentinesDay_2022_Super_Bundle_5" template="stvalentinesday2022_super_bundle" purchase="StValentinesDay_2022_super_bundle_5" start="2025-02-09 19-00" duration="168" buy_count="1" discount_size="15" scroll_type="Super" scroll_icon="DSV_2022_Super_Bundle">
      <user_segment cfg_ver="2" not_paying="false" fav_others="false">
        <block_purchase name="StValentinesDay_2022_Super_Bundle_2" />
        <block_purchase name="StValentinesDay_2022_Super_Bundle_3" />
        <block_purchase name="StValentinesDay_2022_Super_Bundle_4" />
        <block_purchase name="StValentinesDay_2022_Super_Bundle_6" />
        <block_purchase name="StValentinesDay_2022_Super_Bundle_7" />
        <price_range condition="Greater" value="12.98" />
        <price_range condition="LessEquals" value="29.98" />
      </user_segment>
    </bundle_sale>
    <bundle_sale cfg_ver="2" name="StValentinesDay_2022_Super_Bundle_6" template="stvalentinesday2022_super_bundle" purchase="StValentinesDay_2022_super_bundle_6" start="2025-02-09 19-00" duration="168" buy_count="1" discount_size="15" scroll_type="Super" scroll_icon="DSV_2022_Super_Bundle">
      <user_segment cfg_ver="2" not_paying="false" fav_others="false">
        <block_purchase name="StValentinesDay_2022_Super_Bundle_2" />
        <block_purchase name="StValentinesDay_2022_Super_Bundle_3" />
        <block_purchase name="StValentinesDay_2022_Super_Bundle_4" />
        <block_purchase name="StValentinesDay_2022_Super_Bundle_5" />
        <block_purchase name="StValentinesDay_2022_Super_Bundle_7" />
        <price_range condition="Greater" value="29.98" />
        <price_range condition="LessEquals" value="49.98" />
      </user_segment>
    </bundle_sale>
    <bundle_sale cfg_ver="2" name="StValentinesDay_2022_Super_Bundle_7" template="stvalentinesday2022_super_bundle" purchase="StValentinesDay_2022_super_bundle_7" start="2025-02-09 19-00" duration="168" buy_count="1" discount_size="15" scroll_type="Super" scroll_icon="DSV_2022_Super_Bundle">
      <user_segment cfg_ver="2" not_paying="false" fav_others="false">
        <block_purchase name="StValentinesDay_2022_Super_Bundle_2" />
        <block_purchase name="StValentinesDay_2022_Super_Bundle_3" />
        <block_purchase name="StValentinesDay_2022_Super_Bundle_4" />
        <block_purchase name="StValentinesDay_2022_Super_Bundle_5" />
        <block_purchase name="StValentinesDay_2022_Super_Bundle_6" />
        <price_range condition="Greater" value="49.98" />
      </user_segment>
    </bundle_sale>
    <bundle_sale cfg_ver="2" name="Cairo_Super_Bundle_2" template="cairo_super_bundle" purchase="Cairo_super_bundle_2" start="2025-02-17 19-00" duration="168" buy_count="1" discount_size="40" scroll_type="Super" scroll_icon="Cairo">
      <user_segment cfg_ver="2" not_paying="true" fav_others="false">
        <block_purchase name="Cairo_Super_Bundle_3" />
        <block_purchase name="Cairo_Super_Bundle_4" />
        <block_purchase name="Cairo_Super_Bundle_5" />
        <block_purchase name="Cairo_Super_Bundle_6" />
        <block_purchase name="Cairo_Super_Bundle_7" />
      </user_segment>
    </bundle_sale>
    <bundle_sale cfg_ver="2" name="Cairo_Super_Bundle_3" template="cairo_super_bundle" purchase="Cairo_super_bundle_3" start="2025-02-17 19-00" duration="168" buy_count="1" discount_size="15" scroll_type="Super" scroll_icon="Cairo">
      <user_segment cfg_ver="2" not_paying="false" fav_others="false">
        <block_purchase name="Cairo_Super_Bundle_2" />
        <block_purchase name="Cairo_Super_Bundle_4" />
        <block_purchase name="Cairo_Super_Bundle_5" />
        <block_purchase name="Cairo_Super_Bundle_6" />
        <block_purchase name="Cairo_Super_Bundle_7" />
        <price_range condition="Greater" value="0" />
        <price_range condition="LessEquals" value="6.99" />
      </user_segment>
    </bundle_sale>
    <bundle_sale cfg_ver="2" name="Cairo_Super_Bundle_4" template="cairo_super_bundle" purchase="Cairo_super_bundle_4" start="2025-02-17 19-00" duration="168" buy_count="1" discount_size="15" scroll_type="Super" scroll_icon="Cairo">
      <user_segment cfg_ver="2" not_paying="false" fav_others="false">
        <block_purchase name="Cairo_Super_Bundle_2" />
        <block_purchase name="Cairo_Super_Bundle_3" />
        <block_purchase name="Cairo_Super_Bundle_5" />
        <block_purchase name="Cairo_Super_Bundle_6" />
        <block_purchase name="Cairo_Super_Bundle_7" />
        <price_range condition="Greater" value="6.99" />
        <price_range condition="LessEquals" value="12.98" />
      </user_segment>
    </bundle_sale>
    <bundle_sale cfg_ver="2" name="Cairo_Super_Bundle_5" template="cairo_super_bundle" purchase="Cairo_super_bundle_5" start="2025-02-17 19-00" duration="168" buy_count="1" discount_size="15" scroll_type="Super" scroll_icon="Cairo">
      <user_segment cfg_ver="2" not_paying="false" fav_others="false">
        <block_purchase name="Cairo_Super_Bundle_2" />
        <block_purchase name="Cairo_Super_Bundle_3" />
        <block_purchase name="Cairo_Super_Bundle_4" />
        <block_purchase name="Cairo_Super_Bundle_6" />
        <block_purchase name="Cairo_Super_Bundle_7" />
        <price_range condition="Greater" value="12.98" />
        <price_range condition="LessEquals" value="29.98" />
      </user_segment>
    </bundle_sale>
    <bundle_sale cfg_ver="2" name="Cairo_Super_Bundle_6" template="cairo_super_bundle" purchase="Cairo_super_bundle_6" start="2025-02-17 19-00" duration="168" buy_count="1" discount_size="15" scroll_type="Super" scroll_icon="Cairo">
      <user_segment cfg_ver="2" not_paying="false" fav_others="false">
        <block_purchase name="Cairo_Super_Bundle_2" />
        <block_purchase name="Cairo_Super_Bundle_3" />
        <block_purchase name="Cairo_Super_Bundle_4" />
        <block_purchase name="Cairo_Super_Bundle_5" />
        <block_purchase name="Cairo_Super_Bundle_7" />
        <price_range condition="Greater" value="29.98" />
        <price_range condition="LessEquals" value="49.98" />
      </user_segment>
    </bundle_sale>
    <bundle_sale cfg_ver="2" name="Cairo_Super_Bundle_7" template="cairo_super_bundle" purchase="Cairo_super_bundle_7" start="2025-02-17 19-00" duration="168" buy_count="1" discount_size="15" scroll_type="Super" scroll_icon="Cairo">
      <user_segment cfg_ver="2" not_paying="false" fav_others="false">
        <block_purchase name="Cairo_Super_Bundle_2" />
        <block_purchase name="Cairo_Super_Bundle_3" />
        <block_purchase name="Cairo_Super_Bundle_4" />
        <block_purchase name="Cairo_Super_Bundle_5" />
        <block_purchase name="Cairo_Super_Bundle_6" />
        <price_range condition="Greater" value="49.98" />
      </user_segment>
    </bundle_sale>
    <bundle_sale cfg_ver="2" name="StPatrick_2022_Super_Bundle_2" template="stpatrick2021_super_bundle" purchase="StPatrick_2022_super_bundle_2" start="2025-03-11 19-00" duration="168" buy_count="1" discount_size="40" scroll_type="Super" scroll_icon="StPatrick_2021_Super_Bundle">
      <user_segment cfg_ver="2" not_paying="true" fav_others="false">
        <block_purchase name="StPatrick_2022_Super_Bundle_3" />
        <block_purchase name="StPatrick_2022_Super_Bundle_4" />
        <block_purchase name="StPatrick_2022_Super_Bundle_5" />
        <block_purchase name="StPatrick_2022_Super_Bundle_6" />
        <block_purchase name="StPatrick_2022_Super_Bundle_7" />
      </user_segment>
    </bundle_sale>
    <bundle_sale cfg_ver="2" name="StPatrick_2022_Super_Bundle_3" template="stpatrick2021_super_bundle" purchase="StPatrick_2022_super_bundle_3" start="2025-03-11 19-00" duration="168" buy_count="1" discount_size="15" scroll_type="Super" scroll_icon="StPatrick_2021_Super_Bundle">
      <user_segment cfg_ver="2" not_paying="false" fav_others="false">
        <block_purchase name="StPatrick_2022_Super_Bundle_2" />
        <block_purchase name="StPatrick_2022_Super_Bundle_4" />
        <block_purchase name="StPatrick_2022_Super_Bundle_5" />
        <block_purchase name="StPatrick_2022_Super_Bundle_6" />
        <block_purchase name="StPatrick_2022_Super_Bundle_7" />
        <price_range condition="Greater" value="0" />
        <price_range condition="LessEquals" value="6.99" />
      </user_segment>
    </bundle_sale>
    <bundle_sale cfg_ver="2" name="StPatrick_2022_Super_Bundle_4" template="stpatrick2021_super_bundle" purchase="StPatrick_2022_super_bundle_4" start="2025-03-11 19-00" duration="168" buy_count="1" discount_size="15" scroll_type="Super" scroll_icon="StPatrick_2021_Super_Bundle">
      <user_segment cfg_ver="2" not_paying="false" fav_others="false">
        <block_purchase name="StPatrick_2022_Super_Bundle_2" />
        <block_purchase name="StPatrick_2022_Super_Bundle_3" />
        <block_purchase name="StPatrick_2022_Super_Bundle_5" />
        <block_purchase name="StPatrick_2022_Super_Bundle_6" />
        <block_purchase name="StPatrick_2022_Super_Bundle_7" />
        <price_range condition="Greater" value="6.99" />
        <price_range condition="LessEquals" value="12.98" />
      </user_segment>
    </bundle_sale>
    <bundle_sale cfg_ver="2" name="StPatrick_2022_Super_Bundle_5" template="stpatrick2021_super_bundle" purchase="StPatrick_2022_super_bundle_5" start="2025-03-11 19-00" duration="168" buy_count="1" discount_size="15" scroll_type="Super" scroll_icon="StPatrick_2021_Super_Bundle">
      <user_segment cfg_ver="2" not_paying="false" fav_others="false">
        <block_purchase name="StPatrick_2022_Super_Bundle_2" />
        <block_purchase name="StPatrick_2022_Super_Bundle_3" />
        <block_purchase name="StPatrick_2022_Super_Bundle_4" />
        <block_purchase name="StPatrick_2022_Super_Bundle_6" />
        <block_purchase name="StPatrick_2022_Super_Bundle_7" />
        <price_range condition="Greater" value="12.98" />
        <price_range condition="LessEquals" value="29.98" />
      </user_segment>
    </bundle_sale>
    <bundle_sale cfg_ver="2" name="StPatrick_2022_Super_Bundle_6" template="stpatrick2021_super_bundle" purchase="StPatrick_2022_super_bundle_6" start="2025-03-11 19-00" duration="168" buy_count="1" discount_size="15" scroll_type="Super" scroll_icon="StPatrick_2021_Super_Bundle">
      <user_segment cfg_ver="2" not_paying="false" fav_others="false">
        <block_purchase name="StPatrick_2022_Super_Bundle_2" />
        <block_purchase name="StPatrick_2022_Super_Bundle_3" />
        <block_purchase name="StPatrick_2022_Super_Bundle_4" />
        <block_purchase name="StPatrick_2022_Super_Bundle_5" />
        <block_purchase name="StPatrick_2022_Super_Bundle_7" />
        <price_range condition="Greater" value="29.98" />
        <price_range condition="LessEquals" value="49.98" />
      </user_segment>
    </bundle_sale>
    <bundle_sale cfg_ver="2" name="StPatrick_2022_Super_Bundle_7" template="stpatrick2021_super_bundle" purchase="StPatrick_2022_super_bundle_7" start="2025-03-11 19-00" duration="168" buy_count="1" discount_size="15" scroll_type="Super" scroll_icon="StPatrick_2021_Super_Bundle">
      <user_segment cfg_ver="2" not_paying="false" fav_others="false">
        <block_purchase name="StPatrick_2022_Super_Bundle_2" />
        <block_purchase name="StPatrick_2022_Super_Bundle_3" />
        <block_purchase name="StPatrick_2022_Super_Bundle_4" />
        <block_purchase name="StPatrick_2022_Super_Bundle_5" />
        <block_purchase name="StPatrick_2022_Super_Bundle_6" />
        <price_range condition="Greater" value="49.98" />
      </user_segment>
    </bundle_sale>
    <bundle_sale cfg_ver="2" name="StPatrick_2021_extra_1_Sale_paying" template="stpatrick2021_sale_1" purchase="StPatrick_2021_extra_1" start="2025-03-02 19-00" duration="384" buy_count="1" discount_size="0" scroll_type="Vanity" scroll_icon="StPatrick_2021">
      <user_segment cfg_ver="2" not_paying="false" fav_others="false">
        <block_purchase name="StPatrick_2021_extra_1_Sale_paying" />
        <block_purchase name="StPatrick_2021_extra_1_Sale_not_paying" />
      </user_segment>
    </bundle_sale>
    <bundle_sale cfg_ver="2" name="StPatrick_2021_extra_1_Sale_not_paying" template="stpatrick2021_sale_1" purchase="StPatrick_2021_extra_1" start="2025-03-02 19-00" duration="384" buy_count="1" discount_size="0" scroll_type="Vanity" scroll_icon="StPatrick_2021">
      <user_segment cfg_ver="2" not_paying="true" fav_others="false">
        <block_purchase name="StPatrick_2021_extra_1_Sale_paying" />
        <block_purchase name="StPatrick_2021_extra_1_Sale_not_paying" />
      </user_segment>
    </bundle_sale>
    <bundle_sale cfg_ver="2" name="Easter_2021_extra_3_Sale_paying" template="easter2021_sale_3" purchase="Easter_2021_extra_3" start="2025-03-18 19-00" duration="168" buy_count="1" discount_size="0" scroll_type="Vanity" scroll_icon="Easter_2021">
      <user_segment cfg_ver="2" not_paying="false" fav_others="false">
        <block_purchase name="Easter_2021_extra_3_Sale_paying" />
        <block_purchase name="Easter_2021_extra_3_Sale_not_paying" />
      </user_segment>
    </bundle_sale>
    <bundle_sale cfg_ver="2" name="Easter_2021_extra_3_Sale_not_paying" template="easter2021_sale_3" purchase="Easter_2021_extra_3" start="2025-03-18 19-00" duration="168" buy_count="1" discount_size="0" scroll_type="Vanity" scroll_icon="Easter_2021">
      <user_segment cfg_ver="2" not_paying="true" fav_others="false">
        <block_purchase name="Easter_2021_extra_3_Sale_paying" />
        <block_purchase name="Easter_2021_extra_3_Sale_not_paying" />
      </user_segment>
    </bundle_sale>
    <bundle_sale cfg_ver="2" name="Easter_2021_extra_2_Sale_paying" template="easter2021_sale_2" purchase="Easter_2021_extra_2" start="2025-03-18 19-00" duration="168" buy_count="1" discount_size="0" scroll_type="Vanity" scroll_icon="Easter_2021">
      <user_segment cfg_ver="2" not_paying="false" fav_others="false">
        <block_purchase name="Easter_2021_extra_2_Sale_paying" />
        <block_purchase name="Easter_2021_extra_2_Sale_not_paying" />
        <block_purchase name="Easter_2021_extra_3_Sale_paying" />
        <block_purchase name="Easter_2021_extra_3_Sale_not_paying" />
      </user_segment>
    </bundle_sale>
    <bundle_sale cfg_ver="2" name="Easter_2021_extra_2_Sale_not_paying" template="easter2021_sale_2" purchase="Easter_2021_extra_2" start="2025-03-18 19-00" duration="168" buy_count="1" discount_size="0" scroll_type="Vanity" scroll_icon="Easter_2021">
      <user_segment cfg_ver="2" not_paying="true" fav_others="false">
        <block_purchase name="Easter_2021_extra_2_Sale_paying" />
        <block_purchase name="Easter_2021_extra_2_Sale_not_paying" />
        <block_purchase name="Easter_2021_extra_3_Sale_paying" />
        <block_purchase name="Easter_2021_extra_3_Sale_not_paying" />
      </user_segment>
    </bundle_sale>
    <bundle_sale cfg_ver="2" name="Easter_2021_extra_1_Sale_paying" template="easter2021_sale_1" purchase="Easter_2021_extra_1" start="2025-03-18 19-00" duration="168" buy_count="1" discount_size="0" scroll_type="Vanity" scroll_icon="Easter_2021">
      <user_segment cfg_ver="2" not_paying="false" fav_others="false">
        <block_purchase name="Easter_2021_extra_1_Sale_paying" />
        <block_purchase name="Easter_2021_extra_1_Sale_not_paying" />
        <block_purchase name="Easter_2021_extra_2_Sale_paying" />
        <block_purchase name="Easter_2021_extra_2_Sale_not_paying" />
        <block_purchase name="Easter_2021_extra_3_Sale_paying" />
        <block_purchase name="Easter_2021_extra_3_Sale_not_paying" />
      </user_segment>
    </bundle_sale>
    <bundle_sale cfg_ver="2" name="Easter_2021_extra_1_Sale_not_paying" template="easter2021_sale_1" purchase="Easter_2021_extra_1" start="2025-03-18 19-00" duration="168" buy_count="1" discount_size="0" scroll_type="Vanity" scroll_icon="Easter_2021">
      <user_segment cfg_ver="2" not_paying="true" fav_others="false">
        <block_purchase name="Easter_2021_extra_1_Sale_paying" />
        <block_purchase name="Easter_2021_extra_1_Sale_not_paying" />
        <block_purchase name="Easter_2021_extra_2_Sale_paying" />
        <block_purchase name="Easter_2021_extra_2_Sale_not_paying" />
        <block_purchase name="Easter_2021_extra_3_Sale_paying" />
        <block_purchase name="Easter_2021_extra_3_Sale_not_paying" />
      </user_segment>
    </bundle_sale>
    <bundle_sale cfg_ver="2" name="Easter_2020_extra_3_Sale_paying" template="easter2020_sale_3" purchase="Easter_2020_extra_3" start="2025-03-25 19-00" duration="168" buy_count="1" discount_size="0" scroll_type="Vanity" scroll_icon="Easter_2020">
      <user_segment cfg_ver="2" not_paying="false" fav_others="false">
        <block_purchase name="Easter_2020_extra_3_Sale_paying" />
        <block_purchase name="Easter_2020_extra_3_Sale_not_paying" />
      </user_segment>
    </bundle_sale>
    <bundle_sale cfg_ver="2" name="Easter_2020_extra_3_Sale_not_paying" template="easter2020_sale_3" purchase="Easter_2020_extra_3" start="2025-03-25 19-00" duration="168" buy_count="1" discount_size="0" scroll_type="Vanity" scroll_icon="Easter_2020">
      <user_segment cfg_ver="2" not_paying="true" fav_others="false">
        <block_purchase name="Easter_2020_extra_3_Sale_paying" />
        <block_purchase name="Easter_2020_extra_3_Sale_not_paying" />
      </user_segment>
    </bundle_sale>
    <bundle_sale cfg_ver="2" name="Easter_2020_extra_2_Sale_paying" template="easter2020_sale_2" purchase="Easter_2020_extra_2" start="2025-03-25 19-00" duration="168" buy_count="1" discount_size="0" scroll_type="Vanity" scroll_icon="Easter_2020">
      <user_segment cfg_ver="2" not_paying="false" fav_others="false">
        <block_purchase name="Easter_2020_extra_2_Sale_paying" />
        <block_purchase name="Easter_2020_extra_2_Sale_not_paying" />
        <block_purchase name="Easter_2020_extra_3_Sale_paying" />
        <block_purchase name="Easter_2020_extra_3_Sale_not_paying" />
      </user_segment>
    </bundle_sale>
    <bundle_sale cfg_ver="2" name="Easter_2020_extra_2_Sale_not_paying" template="easter2020_sale_2" purchase="Easter_2020_extra_2" start="2025-03-25 19-00" duration="168" buy_count="1" discount_size="0" scroll_type="Vanity" scroll_icon="Easter_2020">
      <user_segment cfg_ver="2" not_paying="true" fav_others="false">
        <block_purchase name="Easter_2020_extra_2_Sale_paying" />
        <block_purchase name="Easter_2020_extra_2_Sale_not_paying" />
        <block_purchase name="Easter_2020_extra_3_Sale_paying" />
        <block_purchase name="Easter_2020_extra_3_Sale_not_paying" />
      </user_segment>
    </bundle_sale>
    <bundle_sale cfg_ver="2" name="Easter_2020_extra_1_Sale_paying" template="easter2020_sale_1" purchase="Easter_2020_extra_1" start="2025-03-25 19-00" duration="168" buy_count="1" discount_size="0" scroll_type="Vanity" scroll_icon="Easter_2020">
      <user_segment cfg_ver="2" not_paying="false" fav_others="false">
        <block_purchase name="Easter_2020_extra_1_Sale_paying" />
        <block_purchase name="Easter_2020_extra_1_Sale_not_paying" />
        <block_purchase name="Easter_2020_extra_2_Sale_paying" />
        <block_purchase name="Easter_2020_extra_2_Sale_not_paying" />
        <block_purchase name="Easter_2020_extra_3_Sale_paying" />
        <block_purchase name="Easter_2020_extra_3_Sale_not_paying" />
      </user_segment>
    </bundle_sale>
    <bundle_sale cfg_ver="2" name="Easter_2020_extra_1_Sale_not_paying" template="easter2020_sale_1" purchase="Easter_2020_extra_1" start="2025-03-25 19-00" duration="168" buy_count="1" discount_size="0" scroll_type="Vanity" scroll_icon="Easter_2020">
      <user_segment cfg_ver="2" not_paying="true" fav_others="false">
        <block_purchase name="Easter_2020_extra_1_Sale_paying" />
        <block_purchase name="Easter_2020_extra_1_Sale_not_paying" />
        <block_purchase name="Easter_2020_extra_2_Sale_paying" />
        <block_purchase name="Easter_2020_extra_2_Sale_not_paying" />
        <block_purchase name="Easter_2020_extra_3_Sale_paying" />
        <block_purchase name="Easter_2020_extra_3_Sale_not_paying" />
      </user_segment>
    </bundle_sale>
    <bundle_sale cfg_ver="2" name="Easter_Super_Bundle_2" template="easter2022_super_bundle" purchase="Easter_super_bundle_2" start="2025-03-25 19-00" duration="168" buy_count="1" discount_size="40" scroll_type="Super" scroll_icon="Easter_2022_Super_Bundle">
      <user_segment cfg_ver="2" not_paying="true" fav_others="false">
        <block_purchase name="Easter_Super_Bundle_3" />
        <block_purchase name="Easter_Super_Bundle_4" />
        <block_purchase name="Easter_Super_Bundle_5" />
        <block_purchase name="Easter_Super_Bundle_6" />
        <block_purchase name="Easter_Super_Bundle_7" />
      </user_segment>
    </bundle_sale>
    <bundle_sale cfg_ver="2" name="Easter_Super_Bundle_3" template="easter2022_super_bundle" purchase="Easter_super_bundle_3" start="2025-03-25 19-00" duration="168" buy_count="1" discount_size="15" scroll_type="Super" scroll_icon="Easter_2022_Super_Bundle">
      <user_segment cfg_ver="2" not_paying="false" fav_others="false">
        <block_purchase name="Easter_Super_Bundle_2" />
        <block_purchase name="Easter_Super_Bundle_4" />
        <block_purchase name="Easter_Super_Bundle_5" />
        <block_purchase name="Easter_Super_Bundle_6" />
        <block_purchase name="Easter_Super_Bundle_7" />
        <price_range condition="Greater" value="0" />
        <price_range condition="LessEquals" value="6.99" />
      </user_segment>
    </bundle_sale>
    <bundle_sale cfg_ver="2" name="Easter_Super_Bundle_4" template="easter2022_super_bundle" purchase="Easter_super_bundle_4" start="2025-03-25 19-00" duration="168" buy_count="1" discount_size="15" scroll_type="Super" scroll_icon="Easter_2022_Super_Bundle">
      <user_segment cfg_ver="2" not_paying="false" fav_others="false">
        <block_purchase name="Easter_Super_Bundle_2" />
        <block_purchase name="Easter_Super_Bundle_3" />
        <block_purchase name="Easter_Super_Bundle_5" />
        <block_purchase name="Easter_Super_Bundle_6" />
        <block_purchase name="Easter_Super_Bundle_7" />
        <price_range condition="Greater" value="6.99" />
        <price_range condition="LessEquals" value="12.98" />
      </user_segment>
    </bundle_sale>
    <bundle_sale cfg_ver="2" name="Easter_Super_Bundle_5" template="easter2022_super_bundle" purchase="Easter_super_bundle_5" start="2025-03-25 19-00" duration="168" buy_count="1" discount_size="15" scroll_type="Super" scroll_icon="Easter_2022_Super_Bundle">
      <user_segment cfg_ver="2" not_paying="false" fav_others="false">
        <block_purchase name="Easter_Super_Bundle_2" />
        <block_purchase name="Easter_Super_Bundle_3" />
        <block_purchase name="Easter_Super_Bundle_4" />
        <block_purchase name="Easter_Super_Bundle_6" />
        <block_purchase name="Easter_Super_Bundle_7" />
        <price_range condition="Greater" value="12.98" />
        <price_range condition="LessEquals" value="29.98" />
      </user_segment>
    </bundle_sale>
    <bundle_sale cfg_ver="2" name="Easter_Super_Bundle_6" template="easter2022_super_bundle" purchase="Easter_super_bundle_6" start="2025-03-25 19-00" duration="168" buy_count="1" discount_size="15" scroll_type="Super" scroll_icon="Easter_2022_Super_Bundle">
      <user_segment cfg_ver="2" not_paying="false" fav_others="false">
        <block_purchase name="Easter_Super_Bundle_2" />
        <block_purchase name="Easter_Super_Bundle_3" />
        <block_purchase name="Easter_Super_Bundle_4" />
        <block_purchase name="Easter_Super_Bundle_5" />
        <block_purchase name="Easter_Super_Bundle_7" />
        <price_range condition="Greater" value="29.98" />
        <price_range condition="LessEquals" value="49.98" />
      </user_segment>
    </bundle_sale>
    <bundle_sale cfg_ver="2" name="Easter_Super_Bundle_7" template="easter2022_super_bundle" purchase="Easter_super_bundle_7" start="2025-03-25 19-00" duration="168" buy_count="1" discount_size="15" scroll_type="Super" scroll_icon="Easter_2022_Super_Bundle">
      <user_segment cfg_ver="2" not_paying="false" fav_others="false">
        <block_purchase name="Easter_Super_Bundle_2" />
        <block_purchase name="Easter_Super_Bundle_3" />
        <block_purchase name="Easter_Super_Bundle_4" />
        <block_purchase name="Easter_Super_Bundle_5" />
        <block_purchase name="Easter_Super_Bundle_6" />
        <price_range condition="Greater" value="49.98" />
      </user_segment>
    </bundle_sale>
    <bundle_sale cfg_ver="2" name="EcoEvent_2021_extra_3_Sale_paying_2024_04" template="ecoevent_sale_3" purchase="EcoEvent_2021_extra_3" start="2025-04-12 19-00" duration="384" buy_count="1" discount_size="0" scroll_type="Vanity" scroll_icon="EcoEvent_2021">
      <user_segment cfg_ver="2" not_paying="false" fav_others="false">
        <block_purchase name="EcoEvent_2021_extra_3_Sale_paying_2024_04" />
        <block_purchase name="EcoEvent_2021_extra_3_Sale_not_paying_2024_04" />
      </user_segment>
    </bundle_sale>
    <bundle_sale cfg_ver="2" name="EcoEvent_2021_extra_3_Sale_not_paying_2024_04" template="ecoevent_sale_3" purchase="EcoEvent_2021_extra_3" start="2025-04-12 19-00" duration="384" buy_count="1" discount_size="0" scroll_type="Vanity" scroll_icon="EcoEvent_2021">
      <user_segment cfg_ver="2" not_paying="true" fav_others="false">
        <block_purchase name="EcoEvent_2021_extra_3_Sale_paying_2024_04" />
        <block_purchase name="EcoEvent_2021_extra_3_Sale_not_paying_2024_04" />
      </user_segment>
    </bundle_sale>
    <bundle_sale cfg_ver="2" name="EcoEvent_2021_extra_2_Sale_paying_2024_04" template="ecoevent_sale_2" purchase="EcoEvent_2021_extra_2" start="2025-04-12 19-00" duration="384" buy_count="1" discount_size="0" scroll_type="Vanity" scroll_icon="EcoEvent_2021">
      <user_segment cfg_ver="2" not_paying="false" fav_others="false">
        <block_purchase name="EcoEvent_2021_extra_2_Sale_paying_2024_04" />
        <block_purchase name="EcoEvent_2021_extra_2_Sale_not_paying_2024_04" />
        <block_purchase name="EcoEvent_2021_extra_3_Sale_paying_2024_04" />
        <block_purchase name="EcoEvent_2021_extra_3_Sale_not_paying_2024_04" />
      </user_segment>
    </bundle_sale>
    <bundle_sale cfg_ver="2" name="EcoEvent_2021_extra_2_Sale_not_paying_2024_04" template="ecoevent_sale_2" purchase="EcoEvent_2021_extra_2" start="2025-04-12 19-00" duration="384" buy_count="1" discount_size="0" scroll_type="Vanity" scroll_icon="EcoEvent_2021">
      <user_segment cfg_ver="2" not_paying="true" fav_others="false">
        <block_purchase name="EcoEvent_2021_extra_2_Sale_paying_2024_04" />
        <block_purchase name="EcoEvent_2021_extra_2_Sale_not_paying_2024_04" />
        <block_purchase name="EcoEvent_2021_extra_3_Sale_paying_2024_04" />
        <block_purchase name="EcoEvent_2021_extra_3_Sale_not_paying_2024_04" />
      </user_segment>
    </bundle_sale>
    <bundle_sale cfg_ver="2" name="EcoEvent_2021_extra_1_Sale_paying_2024_04" template="ecoevent_sale_1" purchase="EcoEvent_2021_extra_1" start="2025-04-12 19-00" duration="384" buy_count="1" discount_size="0" scroll_type="Vanity" scroll_icon="EcoEvent_2021">
      <user_segment cfg_ver="2" not_paying="false" fav_others="false">
        <block_purchase name="EcoEvent_2021_extra_1_Sale_paying_2024_04" />
        <block_purchase name="EcoEvent_2021_extra_1_Sale_not_paying_2024_04" />
        <block_purchase name="EcoEvent_2021_extra_2_Sale_paying_2024_04" />
        <block_purchase name="EcoEvent_2021_extra_2_Sale_not_paying_2024_04" />
        <block_purchase name="EcoEvent_2021_extra_3_Sale_paying_2024_04" />
        <block_purchase name="EcoEvent_2021_extra_3_Sale_not_paying_2024_04" />
      </user_segment>
    </bundle_sale>
    <bundle_sale cfg_ver="2" name="EcoEvent_2021_extra_1_Sale_not_paying_2024_04" template="ecoevent_sale_1" purchase="EcoEvent_2021_extra_1" start="2025-04-12 19-00" duration="384" buy_count="1" discount_size="0" scroll_type="Vanity" scroll_icon="EcoEvent_2021">
      <user_segment cfg_ver="2" not_paying="true" fav_others="false">
        <block_purchase name="EcoEvent_2021_extra_1_Sale_paying_2024_04" />
        <block_purchase name="EcoEvent_2021_extra_1_Sale_not_paying_2024_04" />
        <block_purchase name="EcoEvent_2021_extra_2_Sale_paying_2024_04" />
        <block_purchase name="EcoEvent_2021_extra_2_Sale_not_paying_2024_04" />
        <block_purchase name="EcoEvent_2021_extra_3_Sale_paying_2024_04" />
        <block_purchase name="EcoEvent_2021_extra_3_Sale_not_paying_2024_04" />
      </user_segment>
    </bundle_sale>
    <bundle_sale cfg_ver="2" name="Cairo_extra_3_Sale_paying_2024_04" template="cairo_sale_3" purchase="Cairo_extra_3" start="2025-04-29 19-00" duration="336" buy_count="1" discount_size="0" scroll_type="Vanity" scroll_icon="CairoExtra">
      <user_segment cfg_ver="2" not_paying="false" fav_others="false">
        <block_purchase name="Cairo_extra_3_Sale_paying_2024_04" />
        <block_purchase name="Cairo_extra_3_Sale_not_paying_2024_04" />
      </user_segment>
    </bundle_sale>
    <bundle_sale cfg_ver="2" name="Cairo_extra_3_Sale_not_paying_2024_04" template="cairo_sale_3" purchase="Cairo_extra_3" start="2025-04-29 19-00" duration="336" buy_count="1" discount_size="0" scroll_type="Vanity" scroll_icon="CairoExtra">
      <user_segment cfg_ver="2" not_paying="true" fav_others="false">
        <block_purchase name="Cairo_extra_3_Sale_paying_2024_04" />
        <block_purchase name="Cairo_extra_3_Sale_not_paying_2024_04" />
      </user_segment>
    </bundle_sale>
    <bundle_sale cfg_ver="2" name="Cairo_extra_2_Sale_paying_2024_04" template="cairo_sale_2" purchase="Cairo_extra_2" start="2025-04-29 19-00" duration="336" buy_count="1" discount_size="0" scroll_type="Vanity" scroll_icon="CairoExtra">
      <user_segment cfg_ver="2" not_paying="false" fav_others="false">
        <block_purchase name="Cairo_extra_2_Sale_paying_2024_04" />
        <block_purchase name="Cairo_extra_2_Sale_not_paying_2024_04" />
        <block_purchase name="Cairo_extra_3_Sale_paying_2024_04" />
        <block_purchase name="Cairo_extra_3_Sale_not_paying_2024_04" />
      </user_segment>
    </bundle_sale>
    <bundle_sale cfg_ver="2" name="Cairo_extra_2_Sale_not_paying_2024_04" template="cairo_sale_2" purchase="Cairo_extra_2" start="2025-04-29 19-00" duration="336" buy_count="1" discount_size="0" scroll_type="Vanity" scroll_icon="CairoExtra">
      <user_segment cfg_ver="2" not_paying="true" fav_others="false">
        <block_purchase name="Cairo_extra_2_Sale_paying_2024_04" />
        <block_purchase name="Cairo_extra_2_Sale_not_paying_2024_04" />
        <block_purchase name="Cairo_extra_3_Sale_paying_2024_04" />
        <block_purchase name="Cairo_extra_3_Sale_not_paying_2024_04" />
      </user_segment>
    </bundle_sale>
    <bundle_sale cfg_ver="2" name="Cairo_extra_1_Sale_paying_2024_04" template="cairo_sale_1" purchase="Cairo_extra_1" start="2025-04-29 19-00" duration="336" buy_count="1" discount_size="0" scroll_type="Vanity" scroll_icon="CairoExtra">
      <user_segment cfg_ver="2" not_paying="false" fav_others="false">
        <block_purchase name="Cairo_extra_1_Sale_paying_2024_04" />
        <block_purchase name="Cairo_extra_1_Sale_not_paying_2024_04" />
        <block_purchase name="Cairo_extra_2_Sale_paying_2024_04" />
        <block_purchase name="Cairo_extra_2_Sale_not_paying_2024_04" />
        <block_purchase name="Cairo_extra_3_Sale_paying_2024_04" />
        <block_purchase name="Cairo_extra_3_Sale_not_paying_2024_04" />
      </user_segment>
    </bundle_sale>
    <bundle_sale cfg_ver="2" name="Cairo_extra_1_Sale_not_paying_2024_04" template="cairo_sale_1" purchase="Cairo_extra_1" start="2025-04-29 19-00" duration="336" buy_count="1" discount_size="0" scroll_type="Vanity" scroll_icon="CairoExtra">
      <user_segment cfg_ver="2" not_paying="true" fav_others="false">
        <block_purchase name="Cairo_extra_1_Sale_paying_2024_04" />
        <block_purchase name="Cairo_extra_1_Sale_not_paying_2024_04" />
        <block_purchase name="Cairo_extra_2_Sale_paying_2024_04" />
        <block_purchase name="Cairo_extra_2_Sale_not_paying_2024_04" />
        <block_purchase name="Cairo_extra_3_Sale_paying_2024_04" />
        <block_purchase name="Cairo_extra_3_Sale_not_paying_2024_04" />
      </user_segment>
    </bundle_sale>
    <bundle_sale cfg_ver="2" name="MothersDay_2021_extra_3_Sale_paying_2024_05" template="mothersday2021_sale_3" purchase="MothersDay_2021_extra_3" start="2025-05-14 19-00" duration="192" buy_count="1" discount_size="0" scroll_type="Vanity" scroll_icon="MothersDay_2021">
      <user_segment cfg_ver="2" not_paying="false" fav_others="false">
        <block_purchase name="MothersDay_2021_extra_3_Sale_paying_2024_05" />
        <block_purchase name="MothersDay_2021_extra_3_Sale_not_paying_2024_05" />
      </user_segment>
    </bundle_sale>
    <bundle_sale cfg_ver="2" name="MothersDay_2021_extra_3_Sale_not_paying_2024_05" template="mothersday2021_sale_3" purchase="MothersDay_2021_extra_3" start="2025-05-14 19-00" duration="192" buy_count="1" discount_size="0" scroll_type="Vanity" scroll_icon="MothersDay_2021">
      <user_segment cfg_ver="2" not_paying="true" fav_others="false">
        <block_purchase name="MothersDay_2021_extra_3_Sale_paying_2024_05" />
        <block_purchase name="MothersDay_2021_extra_3_Sale_not_paying_2024_05" />
      </user_segment>
    </bundle_sale>
    <bundle_sale cfg_ver="2" name="MothersDay_2021_extra_2_Sale_paying_2024_05" template="mothersday2021_sale_2" purchase="MothersDay_2021_extra_2" start="2025-05-14 19-00" duration="192" buy_count="1" discount_size="0" scroll_type="Vanity" scroll_icon="MothersDay_2021">
      <user_segment cfg_ver="2" not_paying="false" fav_others="false">
        <block_purchase name="MothersDay_2021_extra_2_Sale_paying_2024_05" />
        <block_purchase name="MothersDay_2021_extra_2_Sale_not_paying_2024_05" />
        <block_purchase name="MothersDay_2021_extra_3_Sale_paying_2024_05" />
        <block_purchase name="MothersDay_2021_extra_3_Sale_not_paying_2024_05" />
      </user_segment>
    </bundle_sale>
    <bundle_sale cfg_ver="2" name="MothersDay_2021_extra_2_Sale_not_paying_2024_05" template="mothersday2021_sale_2" purchase="MothersDay_2021_extra_2" start="2025-05-14 19-00" duration="192" buy_count="1" discount_size="0" scroll_type="Vanity" scroll_icon="MothersDay_2021">
      <user_segment cfg_ver="2" not_paying="true" fav_others="false">
        <block_purchase name="MothersDay_2021_extra_2_Sale_paying_2024_05" />
        <block_purchase name="MothersDay_2021_extra_2_Sale_not_paying_2024_05" />
        <block_purchase name="MothersDay_2021_extra_3_Sale_paying_2024_05" />
        <block_purchase name="MothersDay_2021_extra_3_Sale_not_paying_2024_05" />
      </user_segment>
    </bundle_sale>
    <bundle_sale cfg_ver="2" name="MothersDay_2021_extra_1_Sale_paying_2024_05" template="mothersday2021_sale_1" purchase="MothersDay_2021_extra_1" start="2025-05-14 19-00" duration="192" buy_count="1" discount_size="0" scroll_type="Vanity" scroll_icon="MothersDay_2021">
      <user_segment cfg_ver="2" not_paying="false" fav_others="false">
        <block_purchase name="MothersDay_2021_extra_1_Sale_paying_2024_05" />
        <block_purchase name="MothersDay_2021_extra_1_Sale_not_paying_2024_05" />
        <block_purchase name="MothersDay_2021_extra_2_Sale_paying_2024_05" />
        <block_purchase name="MothersDay_2021_extra_2_Sale_not_paying_2024_05" />
        <block_purchase name="MothersDay_2021_extra_3_Sale_paying_2024_05" />
        <block_purchase name="MothersDay_2021_extra_3_Sale_not_paying_2024_05" />
      </user_segment>
    </bundle_sale>
    <bundle_sale cfg_ver="2" name="MothersDay_2021_extra_1_Sale_not_paying_2024_05" template="mothersday2021_sale_1" purchase="MothersDay_2021_extra_1" start="2025-05-14 19-00" duration="192" buy_count="1" discount_size="0" scroll_type="Vanity" scroll_icon="MothersDay_2021">
      <user_segment cfg_ver="2" not_paying="true" fav_others="false">
        <block_purchase name="MothersDay_2021_extra_1_Sale_paying_2024_05" />
        <block_purchase name="MothersDay_2021_extra_1_Sale_not_paying_2024_05" />
        <block_purchase name="MothersDay_2021_extra_2_Sale_paying_2024_05" />
        <block_purchase name="MothersDay_2021_extra_2_Sale_not_paying_2024_05" />
        <block_purchase name="MothersDay_2021_extra_3_Sale_paying_2024_05" />
        <block_purchase name="MothersDay_2021_extra_3_Sale_not_paying_2024_05" />
      </user_segment>
    </bundle_sale>
    <bundle_sale cfg_ver="2" name="PetWeek_2021_extra_3_Sale_paying_2024_05" template="petweek2021_sale_3" purchase="PetWeek_2021_extra_3" start="2025-05-23 19-00" duration="192" buy_count="1" discount_size="0" scroll_type="Vanity" scroll_icon="Pet_Week_2021">
      <user_segment cfg_ver="2" not_paying="false" fav_others="false">
        <block_purchase name="PetWeek_2021_extra_3_Sale_paying_2024_05" />
        <block_purchase name="PetWeek_2021_extra_3_Sale_not_paying_2024_05" />
      </user_segment>
    </bundle_sale>
    <bundle_sale cfg_ver="2" name="PetWeek_2021_extra_3_Sale_not_paying_2024_05" template="petweek2021_sale_3" purchase="PetWeek_2021_extra_3" start="2025-05-23 19-00" duration="192" buy_count="1" discount_size="0" scroll_type="Vanity" scroll_icon="Pet_Week_2021">
      <user_segment cfg_ver="2" not_paying="true" fav_others="false">
        <block_purchase name="PetWeek_2021_extra_3_Sale_paying_2024_05" />
        <block_purchase name="PetWeek_2021_extra_3_Sale_not_paying_2024_05" />
      </user_segment>
    </bundle_sale>
    <bundle_sale cfg_ver="2" name="PetWeek_2021_extra_2_Sale_paying_2024_05" template="petweek2021_sale_2" purchase="PetWeek_2021_extra_2" start="2025-05-23 19-00" duration="192" buy_count="1" discount_size="0" scroll_type="Vanity" scroll_icon="Pet_Week_2021">
      <user_segment cfg_ver="2" not_paying="false" fav_others="false">
        <block_purchase name="PetWeek_2021_extra_2_Sale_paying_2024_05" />
        <block_purchase name="PetWeek_2021_extra_2_Sale_not_paying_2024_05" />
        <block_purchase name="PetWeek_2021_extra_3_Sale_paying_2024_05" />
        <block_purchase name="PetWeek_2021_extra_3_Sale_not_paying_2024_05" />
      </user_segment>
    </bundle_sale>
    <bundle_sale cfg_ver="2" name="PetWeek_2021_extra_2_Sale_not_paying_2024_05" template="petweek2021_sale_2" purchase="PetWeek_2021_extra_2" start="2025-05-23 19-00" duration="192" buy_count="1" discount_size="0" scroll_type="Vanity" scroll_icon="Pet_Week_2021">
      <user_segment cfg_ver="2" not_paying="true" fav_others="false">
        <block_purchase name="PetWeek_2021_extra_2_Sale_paying_2024_05" />
        <block_purchase name="PetWeek_2021_extra_2_Sale_not_paying_2024_05" />
        <block_purchase name="PetWeek_2021_extra_3_Sale_paying_2024_05" />
        <block_purchase name="PetWeek_2021_extra_3_Sale_not_paying_2024_05" />
      </user_segment>
    </bundle_sale>
    <bundle_sale cfg_ver="2" name="PetWeek_2021_extra_1_Sale_paying_2024_05" template="petweek2021_sale_1" purchase="PetWeek_2021_extra_1" start="2025-05-23 19-00" duration="192" buy_count="1" discount_size="0" scroll_type="Vanity" scroll_icon="Pet_Week_2021">
      <user_segment cfg_ver="2" not_paying="false" fav_others="false">
        <block_purchase name="PetWeek_2021_extra_1_Sale_paying_2024_05" />
        <block_purchase name="PetWeek_2021_extra_1_Sale_not_paying_2024_05" />
        <block_purchase name="PetWeek_2021_extra_2_Sale_paying_2024_05" />
        <block_purchase name="PetWeek_2021_extra_2_Sale_not_paying_2024_05" />
        <block_purchase name="PetWeek_2021_extra_3_Sale_paying_2024_05" />
        <block_purchase name="PetWeek_2021_extra_3_Sale_not_paying_2024_05" />
      </user_segment>
    </bundle_sale>
    <bundle_sale cfg_ver="2" name="PetWeek_2021_extra_1_Sale_not_paying_2024_05" template="petweek2021_sale_1" purchase="PetWeek_2021_extra_1" start="2025-05-23 19-00" duration="192" buy_count="1" discount_size="0" scroll_type="Vanity" scroll_icon="Pet_Week_2021">
      <user_segment cfg_ver="2" not_paying="true" fav_others="false">
        <block_purchase name="PetWeek_2021_extra_1_Sale_paying_2024_05" />
        <block_purchase name="PetWeek_2021_extra_1_Sale_not_paying_2024_05" />
        <block_purchase name="PetWeek_2021_extra_2_Sale_paying_2024_05" />
        <block_purchase name="PetWeek_2021_extra_2_Sale_not_paying_2024_05" />
        <block_purchase name="PetWeek_2021_extra_3_Sale_paying_2024_05" />
        <block_purchase name="PetWeek_2021_extra_3_Sale_not_paying_2024_05" />
      </user_segment>
    </bundle_sale>
  </bundle_sales>
</root>