<?xml version="1.0" encoding="utf-8"?>
<root>
  <common unlock_level="((NewYork,2),15)" />
  <events>
    <event cfg_ver="2" name="Chef_Sweep_2024_01_05" start="2024-01-05 19-00" duration="24" ignore_custom_level="true">
      <gold_visitor pause_level_timer="false" lock_visitors="false" wait_timer_coef="1" tip_coef="2" order_count="5" />
      <steps>
        <step cfg_ver="1" progress="1" golden_visitor="false">
          <bonus cfg_ver="1" name="TimedNotOvercook" duration="30" />
        </step>
        <step cfg_ver="1" progress="4" golden_visitor="false">
          <bonus cfg_ver="1" name="TimedNotOvercook" duration="30" />
          <bonus cfg_ver="1" name="TimedChefHelping" duration="20" />
        </step>
        <step cfg_ver="1" progress="7" golden_visitor="true">
          <bonus cfg_ver="1" name="TimedNotOvercook" duration="30" />
          <bonus cfg_ver="1" name="TimedChefHelping" duration="20" />
        </step>
      </steps>
    </event>
    <event cfg_ver="2" name="Chef_Sweep_2024_01_12" start="2024-01-12 19-00" duration="24" ignore_custom_level="true">
      <gold_visitor pause_level_timer="false" lock_visitors="false" wait_timer_coef="1" tip_coef="2" order_count="5" />
      <steps>
        <step cfg_ver="1" progress="1" golden_visitor="false">
          <bonus cfg_ver="1" name="TimedNotOvercook" duration="30" />
        </step>
        <step cfg_ver="1" progress="4" golden_visitor="false">
          <bonus cfg_ver="1" name="TimedNotOvercook" duration="30" />
          <bonus cfg_ver="1" name="TimedChefHelping" duration="20" />
        </step>
        <step cfg_ver="1" progress="7" golden_visitor="true">
          <bonus cfg_ver="1" name="TimedNotOvercook" duration="30" />
          <bonus cfg_ver="1" name="TimedChefHelping" duration="20" />
        </step>
      </steps>
    </event>
    <event cfg_ver="2" name="Chef_Sweep_2024_01_19" start="2024-01-19 19-00" duration="24" ignore_custom_level="true">
      <gold_visitor pause_level_timer="false" lock_visitors="false" wait_timer_coef="1" tip_coef="2" order_count="5" />
      <steps>
        <step cfg_ver="1" progress="1" golden_visitor="false">
          <bonus cfg_ver="1" name="TimedNotOvercook" duration="30" />
        </step>
        <step cfg_ver="1" progress="4" golden_visitor="false">
          <bonus cfg_ver="1" name="TimedNotOvercook" duration="30" />
          <bonus cfg_ver="1" name="TimedChefHelping" duration="20" />
        </step>
        <step cfg_ver="1" progress="7" golden_visitor="true">
          <bonus cfg_ver="1" name="TimedNotOvercook" duration="30" />
          <bonus cfg_ver="1" name="TimedChefHelping" duration="20" />
        </step>
      </steps>
    </event>
    <event cfg_ver="2" name="Chef_Sweep_2024_01_26" start="2024-01-26 19-00" duration="24" ignore_custom_level="true">
      <gold_visitor pause_level_timer="false" lock_visitors="false" wait_timer_coef="1" tip_coef="2" order_count="5" />
      <steps>
        <step cfg_ver="1" progress="1" golden_visitor="false">
          <bonus cfg_ver="1" name="TimedNotOvercook" duration="30" />
        </step>
        <step cfg_ver="1" progress="4" golden_visitor="false">
          <bonus cfg_ver="1" name="TimedNotOvercook" duration="30" />
          <bonus cfg_ver="1" name="TimedChefHelping" duration="20" />
        </step>
        <step cfg_ver="1" progress="7" golden_visitor="true">
          <bonus cfg_ver="1" name="TimedNotOvercook" duration="30" />
          <bonus cfg_ver="1" name="TimedChefHelping" duration="20" />
        </step>
      </steps>
    </event>
    <event cfg_ver="2" name="Chef_Sweep_2024_02_02" start="2024-02-02 19-00" duration="24" ignore_custom_level="true">
      <gold_visitor pause_level_timer="false" lock_visitors="false" wait_timer_coef="1" tip_coef="2" order_count="5" />
      <steps>
        <step cfg_ver="1" progress="1" golden_visitor="false">
          <bonus cfg_ver="1" name="TimedNotOvercook" duration="30" />
        </step>
        <step cfg_ver="1" progress="4" golden_visitor="false">
          <bonus cfg_ver="1" name="TimedNotOvercook" duration="30" />
          <bonus cfg_ver="1" name="TimedChefHelping" duration="20" />
        </step>
        <step cfg_ver="1" progress="7" golden_visitor="true">
          <bonus cfg_ver="1" name="TimedNotOvercook" duration="30" />
          <bonus cfg_ver="1" name="TimedChefHelping" duration="20" />
        </step>
      </steps>
    </event>
    <event cfg_ver="2" name="Chef_Sweep_2024_02_09" start="2024-02-09 19-00" duration="24" ignore_custom_level="true">
      <gold_visitor pause_level_timer="false" lock_visitors="false" wait_timer_coef="1" tip_coef="2" order_count="5" />
      <steps>
        <step cfg_ver="1" progress="1" golden_visitor="false">
          <bonus cfg_ver="1" name="TimedNotOvercook" duration="30" />
        </step>
        <step cfg_ver="1" progress="4" golden_visitor="false">
          <bonus cfg_ver="1" name="TimedNotOvercook" duration="30" />
          <bonus cfg_ver="1" name="TimedChefHelping" duration="20" />
        </step>
        <step cfg_ver="1" progress="7" golden_visitor="true">
          <bonus cfg_ver="1" name="TimedNotOvercook" duration="30" />
          <bonus cfg_ver="1" name="TimedChefHelping" duration="20" />
        </step>
      </steps>
    </event>
    <event cfg_ver="2" name="Chef_Sweep_2024_02_16" start="2024-02-16 19-00" duration="24" ignore_custom_level="true">
      <gold_visitor pause_level_timer="false" lock_visitors="false" wait_timer_coef="1" tip_coef="2" order_count="5" />
      <steps>
        <step cfg_ver="1" progress="1" golden_visitor="false">
          <bonus cfg_ver="1" name="TimedNotOvercook" duration="30" />
        </step>
        <step cfg_ver="1" progress="4" golden_visitor="false">
          <bonus cfg_ver="1" name="TimedNotOvercook" duration="30" />
          <bonus cfg_ver="1" name="TimedChefHelping" duration="20" />
        </step>
        <step cfg_ver="1" progress="7" golden_visitor="true">
          <bonus cfg_ver="1" name="TimedNotOvercook" duration="30" />
          <bonus cfg_ver="1" name="TimedChefHelping" duration="20" />
        </step>
      </steps>
    </event>
    <event cfg_ver="2" name="Chef_Sweep_2024_02_23" start="2024-02-23 19-00" duration="24" ignore_custom_level="true">
      <gold_visitor pause_level_timer="false" lock_visitors="false" wait_timer_coef="1" tip_coef="2" order_count="5" />
      <steps>
        <step cfg_ver="1" progress="1" golden_visitor="false">
          <bonus cfg_ver="1" name="TimedNotOvercook" duration="30" />
        </step>
        <step cfg_ver="1" progress="4" golden_visitor="false">
          <bonus cfg_ver="1" name="TimedNotOvercook" duration="30" />
          <bonus cfg_ver="1" name="TimedChefHelping" duration="20" />
        </step>
        <step cfg_ver="1" progress="7" golden_visitor="true">
          <bonus cfg_ver="1" name="TimedNotOvercook" duration="30" />
          <bonus cfg_ver="1" name="TimedChefHelping" duration="20" />
        </step>
      </steps>
    </event>
    <event cfg_ver="2" name="Chef_Sweep_2024_03_01" start="2024-03-01 19-00" duration="24" ignore_custom_level="true">
      <gold_visitor pause_level_timer="false" lock_visitors="false" wait_timer_coef="1" tip_coef="2" order_count="5" />
      <steps>
        <step cfg_ver="1" progress="1" golden_visitor="false">
          <bonus cfg_ver="1" name="TimedNotOvercook" duration="30" />
        </step>
        <step cfg_ver="1" progress="4" golden_visitor="false">
          <bonus cfg_ver="1" name="TimedNotOvercook" duration="30" />
          <bonus cfg_ver="1" name="TimedChefHelping" duration="20" />
        </step>
        <step cfg_ver="1" progress="7" golden_visitor="true">
          <bonus cfg_ver="1" name="TimedNotOvercook" duration="30" />
          <bonus cfg_ver="1" name="TimedChefHelping" duration="20" />
        </step>
      </steps>
    </event>
    <event cfg_ver="2" name="Chef_Sweep_2024_03_08" start="2024-03-08 19-00" duration="24" ignore_custom_level="true">
      <gold_visitor pause_level_timer="false" lock_visitors="false" wait_timer_coef="1" tip_coef="2" order_count="5" />
      <steps>
        <step cfg_ver="1" progress="1" golden_visitor="false">
          <bonus cfg_ver="1" name="TimedNotOvercook" duration="30" />
        </step>
        <step cfg_ver="1" progress="4" golden_visitor="false">
          <bonus cfg_ver="1" name="TimedNotOvercook" duration="30" />
          <bonus cfg_ver="1" name="TimedChefHelping" duration="20" />
        </step>
        <step cfg_ver="1" progress="7" golden_visitor="true">
          <bonus cfg_ver="1" name="TimedNotOvercook" duration="30" />
          <bonus cfg_ver="1" name="TimedChefHelping" duration="20" />
        </step>
      </steps>
    </event>
    <event cfg_ver="2" name="Chef_Sweep_2024_03_15" start="2024-03-15 19-00" duration="24" ignore_custom_level="true">
      <gold_visitor pause_level_timer="false" lock_visitors="false" wait_timer_coef="1" tip_coef="2" order_count="5" />
      <steps>
        <step cfg_ver="1" progress="1" golden_visitor="false">
          <bonus cfg_ver="1" name="TimedNotOvercook" duration="30" />
        </step>
        <step cfg_ver="1" progress="4" golden_visitor="false">
          <bonus cfg_ver="1" name="TimedNotOvercook" duration="30" />
          <bonus cfg_ver="1" name="TimedChefHelping" duration="20" />
        </step>
        <step cfg_ver="1" progress="7" golden_visitor="true">
          <bonus cfg_ver="1" name="TimedNotOvercook" duration="30" />
          <bonus cfg_ver="1" name="TimedChefHelping" duration="20" />
        </step>
      </steps>
    </event>
    <event cfg_ver="2" name="Chef_Sweep_2024_03_22" start="2024-03-22 19-00" duration="24" ignore_custom_level="true">
      <gold_visitor pause_level_timer="false" lock_visitors="false" wait_timer_coef="1" tip_coef="2" order_count="5" />
      <steps>
        <step cfg_ver="1" progress="1" golden_visitor="false">
          <bonus cfg_ver="1" name="TimedNotOvercook" duration="30" />
        </step>
        <step cfg_ver="1" progress="4" golden_visitor="false">
          <bonus cfg_ver="1" name="TimedNotOvercook" duration="30" />
          <bonus cfg_ver="1" name="TimedChefHelping" duration="20" />
        </step>
        <step cfg_ver="1" progress="7" golden_visitor="true">
          <bonus cfg_ver="1" name="TimedNotOvercook" duration="30" />
          <bonus cfg_ver="1" name="TimedChefHelping" duration="20" />
        </step>
      </steps>
    </event>
    <event cfg_ver="2" name="Chef_Sweep_2024_03_29" start="2024-03-29 19-00" duration="24" ignore_custom_level="true">
      <gold_visitor pause_level_timer="false" lock_visitors="false" wait_timer_coef="1" tip_coef="2" order_count="5" />
      <steps>
        <step cfg_ver="1" progress="1" golden_visitor="false">
          <bonus cfg_ver="1" name="TimedNotOvercook" duration="30" />
        </step>
        <step cfg_ver="1" progress="4" golden_visitor="false">
          <bonus cfg_ver="1" name="TimedNotOvercook" duration="30" />
          <bonus cfg_ver="1" name="TimedChefHelping" duration="20" />
        </step>
        <step cfg_ver="1" progress="7" golden_visitor="true">
          <bonus cfg_ver="1" name="TimedNotOvercook" duration="30" />
          <bonus cfg_ver="1" name="TimedChefHelping" duration="20" />
        </step>
      </steps>
    </event>
    <event cfg_ver="2" name="Chef_Sweep_2024_04_05" start="2024-04-05 19-00" duration="24" ignore_custom_level="true">
      <gold_visitor pause_level_timer="false" lock_visitors="false" wait_timer_coef="1" tip_coef="2" order_count="5" />
      <steps>
        <step cfg_ver="1" progress="1" golden_visitor="false">
          <bonus cfg_ver="1" name="TimedNotOvercook" duration="30" />
        </step>
        <step cfg_ver="1" progress="4" golden_visitor="false">
          <bonus cfg_ver="1" name="TimedNotOvercook" duration="30" />
          <bonus cfg_ver="1" name="TimedChefHelping" duration="20" />
        </step>
        <step cfg_ver="1" progress="7" golden_visitor="true">
          <bonus cfg_ver="1" name="TimedNotOvercook" duration="30" />
          <bonus cfg_ver="1" name="TimedChefHelping" duration="20" />
        </step>
      </steps>
    </event>
    <event cfg_ver="2" name="Chef_Sweep_2024_04_12" start="2024-04-12 19-00" duration="24" ignore_custom_level="true">
      <gold_visitor pause_level_timer="false" lock_visitors="false" wait_timer_coef="1" tip_coef="2" order_count="5" />
      <steps>
        <step cfg_ver="1" progress="1" golden_visitor="false">
          <bonus cfg_ver="1" name="TimedNotOvercook" duration="30" />
        </step>
        <step cfg_ver="1" progress="4" golden_visitor="false">
          <bonus cfg_ver="1" name="TimedNotOvercook" duration="30" />
          <bonus cfg_ver="1" name="TimedChefHelping" duration="20" />
        </step>
        <step cfg_ver="1" progress="7" golden_visitor="true">
          <bonus cfg_ver="1" name="TimedNotOvercook" duration="30" />
          <bonus cfg_ver="1" name="TimedChefHelping" duration="20" />
        </step>
      </steps>
    </event>
    <event cfg_ver="2" name="Chef_Sweep_2024_04_19" start="2024-04-19 19-00" duration="24" ignore_custom_level="true">
      <gold_visitor pause_level_timer="false" lock_visitors="false" wait_timer_coef="1" tip_coef="2" order_count="5" />
      <steps>
        <step cfg_ver="1" progress="1" golden_visitor="false">
          <bonus cfg_ver="1" name="TimedNotOvercook" duration="30" />
        </step>
        <step cfg_ver="1" progress="4" golden_visitor="false">
          <bonus cfg_ver="1" name="TimedNotOvercook" duration="30" />
          <bonus cfg_ver="1" name="TimedChefHelping" duration="20" />
        </step>
        <step cfg_ver="1" progress="7" golden_visitor="true">
          <bonus cfg_ver="1" name="TimedNotOvercook" duration="30" />
          <bonus cfg_ver="1" name="TimedChefHelping" duration="20" />
        </step>
      </steps>
    </event>
    <event cfg_ver="2" name="Chef_Sweep_2024_04_26" start="2024-04-26 19-00" duration="24" ignore_custom_level="true">
      <gold_visitor pause_level_timer="false" lock_visitors="false" wait_timer_coef="1" tip_coef="2" order_count="5" />
      <steps>
        <step cfg_ver="1" progress="1" golden_visitor="false">
          <bonus cfg_ver="1" name="TimedNotOvercook" duration="30" />
        </step>
        <step cfg_ver="1" progress="4" golden_visitor="false">
          <bonus cfg_ver="1" name="TimedNotOvercook" duration="30" />
          <bonus cfg_ver="1" name="TimedChefHelping" duration="20" />
        </step>
        <step cfg_ver="1" progress="7" golden_visitor="true">
          <bonus cfg_ver="1" name="TimedNotOvercook" duration="30" />
          <bonus cfg_ver="1" name="TimedChefHelping" duration="20" />
        </step>
      </steps>
    </event>
    <event cfg_ver="2" name="Chef_Sweep_2024_05_03" start="2024-05-03 19-00" duration="24" ignore_custom_level="true">
      <gold_visitor pause_level_timer="false" lock_visitors="false" wait_timer_coef="1" tip_coef="2" order_count="5" />
      <steps>
        <step cfg_ver="1" progress="1" golden_visitor="false">
          <bonus cfg_ver="1" name="TimedNotOvercook" duration="30" />
        </step>
        <step cfg_ver="1" progress="4" golden_visitor="false">
          <bonus cfg_ver="1" name="TimedNotOvercook" duration="30" />
          <bonus cfg_ver="1" name="TimedChefHelping" duration="20" />
        </step>
        <step cfg_ver="1" progress="7" golden_visitor="true">
          <bonus cfg_ver="1" name="TimedNotOvercook" duration="30" />
          <bonus cfg_ver="1" name="TimedChefHelping" duration="20" />
        </step>
      </steps>
    </event>
    <event cfg_ver="2" name="Chef_Sweep_2024_05_10" start="2024-05-10 19-00" duration="24" ignore_custom_level="true">
      <gold_visitor pause_level_timer="false" lock_visitors="false" wait_timer_coef="1" tip_coef="2" order_count="5" />
      <steps>
        <step cfg_ver="1" progress="1" golden_visitor="false">
          <bonus cfg_ver="1" name="TimedNotOvercook" duration="30" />
        </step>
        <step cfg_ver="1" progress="4" golden_visitor="false">
          <bonus cfg_ver="1" name="TimedNotOvercook" duration="30" />
          <bonus cfg_ver="1" name="TimedChefHelping" duration="20" />
        </step>
        <step cfg_ver="1" progress="7" golden_visitor="true">
          <bonus cfg_ver="1" name="TimedNotOvercook" duration="30" />
          <bonus cfg_ver="1" name="TimedChefHelping" duration="20" />
        </step>
      </steps>
    </event>
    <event cfg_ver="2" name="Chef_Sweep_2024_05_17" start="2024-05-17 19-00" duration="24" ignore_custom_level="true">
      <gold_visitor pause_level_timer="false" lock_visitors="false" wait_timer_coef="1" tip_coef="2" order_count="5" />
      <steps>
        <step cfg_ver="1" progress="1" golden_visitor="false">
          <bonus cfg_ver="1" name="TimedNotOvercook" duration="30" />
        </step>
        <step cfg_ver="1" progress="4" golden_visitor="false">
          <bonus cfg_ver="1" name="TimedNotOvercook" duration="30" />
          <bonus cfg_ver="1" name="TimedChefHelping" duration="20" />
        </step>
        <step cfg_ver="1" progress="7" golden_visitor="true">
          <bonus cfg_ver="1" name="TimedNotOvercook" duration="30" />
          <bonus cfg_ver="1" name="TimedChefHelping" duration="20" />
        </step>
      </steps>
    </event>
    <event cfg_ver="2" name="Chef_Sweep_2024_05_24" start="2024-05-24 19-00" duration="24" ignore_custom_level="true">
      <gold_visitor pause_level_timer="false" lock_visitors="false" wait_timer_coef="1" tip_coef="2" order_count="5" />
      <steps>
        <step cfg_ver="1" progress="1" golden_visitor="false">
          <bonus cfg_ver="1" name="TimedNotOvercook" duration="30" />
        </step>
        <step cfg_ver="1" progress="4" golden_visitor="false">
          <bonus cfg_ver="1" name="TimedNotOvercook" duration="30" />
          <bonus cfg_ver="1" name="TimedChefHelping" duration="20" />
        </step>
        <step cfg_ver="1" progress="7" golden_visitor="true">
          <bonus cfg_ver="1" name="TimedNotOvercook" duration="30" />
          <bonus cfg_ver="1" name="TimedChefHelping" duration="20" />
        </step>
      </steps>
    </event>
    <event cfg_ver="2" name="Chef_Sweep_2024_05_31" start="2024-05-31 19-00" duration="24" ignore_custom_level="true">
      <gold_visitor pause_level_timer="false" lock_visitors="false" wait_timer_coef="1" tip_coef="2" order_count="5" />
      <steps>
        <step cfg_ver="1" progress="1" golden_visitor="false">
          <bonus cfg_ver="1" name="TimedNotOvercook" duration="30" />
        </step>
        <step cfg_ver="1" progress="4" golden_visitor="false">
          <bonus cfg_ver="1" name="TimedNotOvercook" duration="30" />
          <bonus cfg_ver="1" name="TimedChefHelping" duration="20" />
        </step>
        <step cfg_ver="1" progress="7" golden_visitor="true">
          <bonus cfg_ver="1" name="TimedNotOvercook" duration="30" />
          <bonus cfg_ver="1" name="TimedChefHelping" duration="20" />
        </step>
      </steps>
    </event>
    <event cfg_ver="2" name="Chef_Sweep_2024_06_07" start="2024-06-07 19-00" duration="24" ignore_custom_level="true">
      <gold_visitor pause_level_timer="false" lock_visitors="false" wait_timer_coef="1" tip_coef="2" order_count="5" />
      <steps>
        <step cfg_ver="1" progress="1" golden_visitor="false">
          <bonus cfg_ver="1" name="TimedNotOvercook" duration="30" />
        </step>
        <step cfg_ver="1" progress="4" golden_visitor="false">
          <bonus cfg_ver="1" name="TimedNotOvercook" duration="30" />
          <bonus cfg_ver="1" name="TimedChefHelping" duration="20" />
        </step>
        <step cfg_ver="1" progress="7" golden_visitor="true">
          <bonus cfg_ver="1" name="TimedNotOvercook" duration="30" />
          <bonus cfg_ver="1" name="TimedChefHelping" duration="20" />
        </step>
      </steps>
    </event>
    <event cfg_ver="2" name="Chef_Sweep_2024_06_14" start="2024-06-14 19-00" duration="24" ignore_custom_level="true">
      <gold_visitor pause_level_timer="false" lock_visitors="false" wait_timer_coef="1" tip_coef="2" order_count="5" />
      <steps>
        <step cfg_ver="1" progress="1" golden_visitor="false">
          <bonus cfg_ver="1" name="TimedNotOvercook" duration="30" />
        </step>
        <step cfg_ver="1" progress="4" golden_visitor="false">
          <bonus cfg_ver="1" name="TimedNotOvercook" duration="30" />
          <bonus cfg_ver="1" name="TimedChefHelping" duration="20" />
        </step>
        <step cfg_ver="1" progress="7" golden_visitor="true">
          <bonus cfg_ver="1" name="TimedNotOvercook" duration="30" />
          <bonus cfg_ver="1" name="TimedChefHelping" duration="20" />
        </step>
      </steps>
    </event>
    <event cfg_ver="2" name="Chef_Sweep_2024_06_21" start="2024-06-21 19-00" duration="24" ignore_custom_level="true">
      <gold_visitor pause_level_timer="false" lock_visitors="false" wait_timer_coef="1" tip_coef="2" order_count="5" />
      <steps>
        <step cfg_ver="1" progress="1" golden_visitor="false">
          <bonus cfg_ver="1" name="TimedNotOvercook" duration="30" />
        </step>
        <step cfg_ver="1" progress="4" golden_visitor="false">
          <bonus cfg_ver="1" name="TimedNotOvercook" duration="30" />
          <bonus cfg_ver="1" name="TimedChefHelping" duration="20" />
        </step>
        <step cfg_ver="1" progress="7" golden_visitor="true">
          <bonus cfg_ver="1" name="TimedNotOvercook" duration="30" />
          <bonus cfg_ver="1" name="TimedChefHelping" duration="20" />
        </step>
      </steps>
    </event>
    <event cfg_ver="2" name="Chef_Sweep_2024_06_28" start="2024-06-28 19-00" duration="24" ignore_custom_level="true">
      <gold_visitor pause_level_timer="false" lock_visitors="false" wait_timer_coef="1" tip_coef="2" order_count="5" />
      <steps>
        <step cfg_ver="1" progress="1" golden_visitor="false">
          <bonus cfg_ver="1" name="TimedNotOvercook" duration="30" />
        </step>
        <step cfg_ver="1" progress="4" golden_visitor="false">
          <bonus cfg_ver="1" name="TimedNotOvercook" duration="30" />
          <bonus cfg_ver="1" name="TimedChefHelping" duration="20" />
        </step>
        <step cfg_ver="1" progress="7" golden_visitor="true">
          <bonus cfg_ver="1" name="TimedNotOvercook" duration="30" />
          <bonus cfg_ver="1" name="TimedChefHelping" duration="20" />
        </step>
      </steps>
    </event>
    <event cfg_ver="2" name="Chef_Sweep_2024_07_05" start="2024-07-05 19-00" duration="24" ignore_custom_level="true">
      <gold_visitor pause_level_timer="false" lock_visitors="false" wait_timer_coef="1" tip_coef="2" order_count="5" />
      <steps>
        <step cfg_ver="1" progress="1" golden_visitor="false">
          <bonus cfg_ver="1" name="TimedNotOvercook" duration="30" />
        </step>
        <step cfg_ver="1" progress="4" golden_visitor="false">
          <bonus cfg_ver="1" name="TimedNotOvercook" duration="30" />
          <bonus cfg_ver="1" name="TimedChefHelping" duration="20" />
        </step>
        <step cfg_ver="1" progress="7" golden_visitor="true">
          <bonus cfg_ver="1" name="TimedNotOvercook" duration="30" />
          <bonus cfg_ver="1" name="TimedChefHelping" duration="20" />
        </step>
      </steps>
    </event>
    <event cfg_ver="2" name="Chef_Sweep_2024_07_12" start="2024-07-12 19-00" duration="24" ignore_custom_level="true">
      <gold_visitor pause_level_timer="false" lock_visitors="false" wait_timer_coef="1" tip_coef="2" order_count="5" />
      <steps>
        <step cfg_ver="1" progress="1" golden_visitor="false">
          <bonus cfg_ver="1" name="TimedNotOvercook" duration="30" />
        </step>
        <step cfg_ver="1" progress="4" golden_visitor="false">
          <bonus cfg_ver="1" name="TimedNotOvercook" duration="30" />
          <bonus cfg_ver="1" name="TimedChefHelping" duration="20" />
        </step>
        <step cfg_ver="1" progress="7" golden_visitor="true">
          <bonus cfg_ver="1" name="TimedNotOvercook" duration="30" />
          <bonus cfg_ver="1" name="TimedChefHelping" duration="20" />
        </step>
      </steps>
    </event>
    <event cfg_ver="2" name="Chef_Sweep_2024_07_19" start="2024-07-19 19-00" duration="24" ignore_custom_level="true">
      <gold_visitor pause_level_timer="false" lock_visitors="false" wait_timer_coef="1" tip_coef="2" order_count="5" />
      <steps>
        <step cfg_ver="1" progress="1" golden_visitor="false">
          <bonus cfg_ver="1" name="TimedNotOvercook" duration="30" />
        </step>
        <step cfg_ver="1" progress="4" golden_visitor="false">
          <bonus cfg_ver="1" name="TimedNotOvercook" duration="30" />
          <bonus cfg_ver="1" name="TimedChefHelping" duration="20" />
        </step>
        <step cfg_ver="1" progress="7" golden_visitor="true">
          <bonus cfg_ver="1" name="TimedNotOvercook" duration="30" />
          <bonus cfg_ver="1" name="TimedChefHelping" duration="20" />
        </step>
      </steps>
    </event>
    <event cfg_ver="2" name="Chef_Sweep_2024_07_26" start="2024-07-26 19-00" duration="24" ignore_custom_level="true">
      <gold_visitor pause_level_timer="false" lock_visitors="false" wait_timer_coef="1" tip_coef="2" order_count="5" />
      <steps>
        <step cfg_ver="1" progress="1" golden_visitor="false">
          <bonus cfg_ver="1" name="TimedNotOvercook" duration="30" />
        </step>
        <step cfg_ver="1" progress="4" golden_visitor="false">
          <bonus cfg_ver="1" name="TimedNotOvercook" duration="30" />
          <bonus cfg_ver="1" name="TimedChefHelping" duration="20" />
        </step>
        <step cfg_ver="1" progress="7" golden_visitor="true">
          <bonus cfg_ver="1" name="TimedNotOvercook" duration="30" />
          <bonus cfg_ver="1" name="TimedChefHelping" duration="20" />
        </step>
      </steps>
    </event>
    <event cfg_ver="2" name="Chef_Sweep_2024_08_02" start="2024-08-02 19-00" duration="24" ignore_custom_level="true">
      <gold_visitor pause_level_timer="false" lock_visitors="false" wait_timer_coef="1" tip_coef="2" order_count="5" />
      <steps>
        <step cfg_ver="1" progress="1" golden_visitor="false">
          <bonus cfg_ver="1" name="TimedNotOvercook" duration="30" />
        </step>
        <step cfg_ver="1" progress="4" golden_visitor="false">
          <bonus cfg_ver="1" name="TimedNotOvercook" duration="30" />
          <bonus cfg_ver="1" name="TimedChefHelping" duration="20" />
        </step>
        <step cfg_ver="1" progress="7" golden_visitor="true">
          <bonus cfg_ver="1" name="TimedNotOvercook" duration="30" />
          <bonus cfg_ver="1" name="TimedChefHelping" duration="20" />
        </step>
      </steps>
    </event>
    <event cfg_ver="2" name="Chef_Sweep_2024_08_09" start="2024-08-09 19-00" duration="24" ignore_custom_level="true">
      <gold_visitor pause_level_timer="false" lock_visitors="false" wait_timer_coef="1" tip_coef="2" order_count="5" />
      <steps>
        <step cfg_ver="1" progress="1" golden_visitor="false">
          <bonus cfg_ver="1" name="TimedNotOvercook" duration="30" />
        </step>
        <step cfg_ver="1" progress="4" golden_visitor="false">
          <bonus cfg_ver="1" name="TimedNotOvercook" duration="30" />
          <bonus cfg_ver="1" name="TimedChefHelping" duration="20" />
        </step>
        <step cfg_ver="1" progress="7" golden_visitor="true">
          <bonus cfg_ver="1" name="TimedNotOvercook" duration="30" />
          <bonus cfg_ver="1" name="TimedChefHelping" duration="20" />
        </step>
      </steps>
    </event>
    <event cfg_ver="2" name="Chef_Sweep_2024_08_16" start="2024-08-16 19-00" duration="24" ignore_custom_level="true">
      <gold_visitor pause_level_timer="false" lock_visitors="false" wait_timer_coef="1" tip_coef="2" order_count="5" />
      <steps>
        <step cfg_ver="1" progress="1" golden_visitor="false">
          <bonus cfg_ver="1" name="TimedNotOvercook" duration="30" />
        </step>
        <step cfg_ver="1" progress="4" golden_visitor="false">
          <bonus cfg_ver="1" name="TimedNotOvercook" duration="30" />
          <bonus cfg_ver="1" name="TimedChefHelping" duration="20" />
        </step>
        <step cfg_ver="1" progress="7" golden_visitor="true">
          <bonus cfg_ver="1" name="TimedNotOvercook" duration="30" />
          <bonus cfg_ver="1" name="TimedChefHelping" duration="20" />
        </step>
      </steps>
    </event>
    <event cfg_ver="2" name="Chef_Sweep_2024_08_23" start="2024-08-23 19-00" duration="24" ignore_custom_level="true">
      <gold_visitor pause_level_timer="false" lock_visitors="false" wait_timer_coef="1" tip_coef="2" order_count="5" />
      <steps>
        <step cfg_ver="1" progress="1" golden_visitor="false">
          <bonus cfg_ver="1" name="TimedNotOvercook" duration="30" />
        </step>
        <step cfg_ver="1" progress="4" golden_visitor="false">
          <bonus cfg_ver="1" name="TimedNotOvercook" duration="30" />
          <bonus cfg_ver="1" name="TimedChefHelping" duration="20" />
        </step>
        <step cfg_ver="1" progress="7" golden_visitor="true">
          <bonus cfg_ver="1" name="TimedNotOvercook" duration="30" />
          <bonus cfg_ver="1" name="TimedChefHelping" duration="20" />
        </step>
      </steps>
    </event>
    <event cfg_ver="2" name="Chef_Sweep_2024_08_30" start="2024-08-30 19-00" duration="24" ignore_custom_level="true">
      <gold_visitor pause_level_timer="false" lock_visitors="false" wait_timer_coef="1" tip_coef="2" order_count="5" />
      <steps>
        <step cfg_ver="1" progress="1" golden_visitor="false">
          <bonus cfg_ver="1" name="TimedNotOvercook" duration="30" />
        </step>
        <step cfg_ver="1" progress="4" golden_visitor="false">
          <bonus cfg_ver="1" name="TimedNotOvercook" duration="30" />
          <bonus cfg_ver="1" name="TimedChefHelping" duration="20" />
        </step>
        <step cfg_ver="1" progress="7" golden_visitor="true">
          <bonus cfg_ver="1" name="TimedNotOvercook" duration="30" />
          <bonus cfg_ver="1" name="TimedChefHelping" duration="20" />
        </step>
      </steps>
    </event>
    <event cfg_ver="2" name="Chef_Sweep_2024_09_06" start="2024-09-06 19-00" duration="24" ignore_custom_level="true">
      <gold_visitor pause_level_timer="false" lock_visitors="false" wait_timer_coef="1" tip_coef="2" order_count="5" />
      <steps>
        <step cfg_ver="1" progress="1" golden_visitor="false">
          <bonus cfg_ver="1" name="TimedNotOvercook" duration="30" />
        </step>
        <step cfg_ver="1" progress="4" golden_visitor="false">
          <bonus cfg_ver="1" name="TimedNotOvercook" duration="30" />
          <bonus cfg_ver="1" name="TimedChefHelping" duration="20" />
        </step>
        <step cfg_ver="1" progress="7" golden_visitor="true">
          <bonus cfg_ver="1" name="TimedNotOvercook" duration="30" />
          <bonus cfg_ver="1" name="TimedChefHelping" duration="20" />
        </step>
      </steps>
    </event>
    <event cfg_ver="2" name="Chef_Sweep_2024_09_13" start="2024-09-13 19-00" duration="24" ignore_custom_level="true">
      <gold_visitor pause_level_timer="false" lock_visitors="false" wait_timer_coef="1" tip_coef="2" order_count="5" />
      <steps>
        <step cfg_ver="1" progress="1" golden_visitor="false">
          <bonus cfg_ver="1" name="TimedNotOvercook" duration="30" />
        </step>
        <step cfg_ver="1" progress="4" golden_visitor="false">
          <bonus cfg_ver="1" name="TimedNotOvercook" duration="30" />
          <bonus cfg_ver="1" name="TimedChefHelping" duration="20" />
        </step>
        <step cfg_ver="1" progress="7" golden_visitor="true">
          <bonus cfg_ver="1" name="TimedNotOvercook" duration="30" />
          <bonus cfg_ver="1" name="TimedChefHelping" duration="20" />
        </step>
      </steps>
    </event>
    <event cfg_ver="2" name="Chef_Sweep_2024_09_20" start="2024-09-20 19-00" duration="24" ignore_custom_level="true">
      <gold_visitor pause_level_timer="false" lock_visitors="false" wait_timer_coef="1" tip_coef="2" order_count="5" />
      <steps>
        <step cfg_ver="1" progress="1" golden_visitor="false">
          <bonus cfg_ver="1" name="TimedNotOvercook" duration="30" />
        </step>
        <step cfg_ver="1" progress="4" golden_visitor="false">
          <bonus cfg_ver="1" name="TimedNotOvercook" duration="30" />
          <bonus cfg_ver="1" name="TimedChefHelping" duration="20" />
        </step>
        <step cfg_ver="1" progress="7" golden_visitor="true">
          <bonus cfg_ver="1" name="TimedNotOvercook" duration="30" />
          <bonus cfg_ver="1" name="TimedChefHelping" duration="20" />
        </step>
      </steps>
    </event>
    <event cfg_ver="2" name="Chef_Sweep_2024_09_27" start="2024-09-27 19-00" duration="24" ignore_custom_level="true">
      <gold_visitor pause_level_timer="false" lock_visitors="false" wait_timer_coef="1" tip_coef="2" order_count="5" />
      <steps>
        <step cfg_ver="1" progress="1" golden_visitor="false">
          <bonus cfg_ver="1" name="TimedNotOvercook" duration="30" />
        </step>
        <step cfg_ver="1" progress="4" golden_visitor="false">
          <bonus cfg_ver="1" name="TimedNotOvercook" duration="30" />
          <bonus cfg_ver="1" name="TimedChefHelping" duration="20" />
        </step>
        <step cfg_ver="1" progress="7" golden_visitor="true">
          <bonus cfg_ver="1" name="TimedNotOvercook" duration="30" />
          <bonus cfg_ver="1" name="TimedChefHelping" duration="20" />
        </step>
      </steps>
    </event>
    <event cfg_ver="2" name="Chef_Sweep_2024_10_04" start="2024-10-04 19-00" duration="24" ignore_custom_level="true">
      <gold_visitor pause_level_timer="false" lock_visitors="false" wait_timer_coef="1" tip_coef="2" order_count="5" />
      <steps>
        <step cfg_ver="1" progress="1" golden_visitor="false">
          <bonus cfg_ver="1" name="TimedNotOvercook" duration="30" />
        </step>
        <step cfg_ver="1" progress="4" golden_visitor="false">
          <bonus cfg_ver="1" name="TimedNotOvercook" duration="30" />
          <bonus cfg_ver="1" name="TimedChefHelping" duration="20" />
        </step>
        <step cfg_ver="1" progress="7" golden_visitor="true">
          <bonus cfg_ver="1" name="TimedNotOvercook" duration="30" />
          <bonus cfg_ver="1" name="TimedChefHelping" duration="20" />
        </step>
      </steps>
    </event>
    <event cfg_ver="2" name="Chef_Sweep_2024_10_11" start="2024-10-11 19-00" duration="24" ignore_custom_level="true">
      <gold_visitor pause_level_timer="false" lock_visitors="false" wait_timer_coef="1" tip_coef="2" order_count="5" />
      <steps>
        <step cfg_ver="1" progress="1" golden_visitor="false">
          <bonus cfg_ver="1" name="TimedNotOvercook" duration="30" />
        </step>
        <step cfg_ver="1" progress="4" golden_visitor="false">
          <bonus cfg_ver="1" name="TimedNotOvercook" duration="30" />
          <bonus cfg_ver="1" name="TimedChefHelping" duration="20" />
        </step>
        <step cfg_ver="1" progress="7" golden_visitor="true">
          <bonus cfg_ver="1" name="TimedNotOvercook" duration="30" />
          <bonus cfg_ver="1" name="TimedChefHelping" duration="20" />
        </step>
      </steps>
    </event>
    <event cfg_ver="2" name="Chef_Sweep_2024_10_18" start="2024-10-18 19-00" duration="24" ignore_custom_level="true">
      <gold_visitor pause_level_timer="false" lock_visitors="false" wait_timer_coef="1" tip_coef="2" order_count="5" />
      <steps>
        <step cfg_ver="1" progress="1" golden_visitor="false">
          <bonus cfg_ver="1" name="TimedNotOvercook" duration="30" />
        </step>
        <step cfg_ver="1" progress="4" golden_visitor="false">
          <bonus cfg_ver="1" name="TimedNotOvercook" duration="30" />
          <bonus cfg_ver="1" name="TimedChefHelping" duration="20" />
        </step>
        <step cfg_ver="1" progress="7" golden_visitor="true">
          <bonus cfg_ver="1" name="TimedNotOvercook" duration="30" />
          <bonus cfg_ver="1" name="TimedChefHelping" duration="20" />
        </step>
      </steps>
    </event>
    <event cfg_ver="2" name="Chef_Sweep_2024_10_25" start="2024-10-25 19-00" duration="24" ignore_custom_level="true">
      <gold_visitor pause_level_timer="false" lock_visitors="false" wait_timer_coef="1" tip_coef="2" order_count="5" />
      <steps>
        <step cfg_ver="1" progress="1" golden_visitor="false">
          <bonus cfg_ver="1" name="TimedNotOvercook" duration="30" />
        </step>
        <step cfg_ver="1" progress="4" golden_visitor="false">
          <bonus cfg_ver="1" name="TimedNotOvercook" duration="30" />
          <bonus cfg_ver="1" name="TimedChefHelping" duration="20" />
        </step>
        <step cfg_ver="1" progress="7" golden_visitor="true">
          <bonus cfg_ver="1" name="TimedNotOvercook" duration="30" />
          <bonus cfg_ver="1" name="TimedChefHelping" duration="20" />
        </step>
      </steps>
    </event>
    <event cfg_ver="2" name="Chef_Sweep_2024_11_01" start="2024-11-01 19-00" duration="24" ignore_custom_level="true">
      <gold_visitor pause_level_timer="false" lock_visitors="false" wait_timer_coef="1" tip_coef="2" order_count="5" />
      <steps>
        <step cfg_ver="1" progress="1" golden_visitor="false">
          <bonus cfg_ver="1" name="TimedNotOvercook" duration="30" />
        </step>
        <step cfg_ver="1" progress="4" golden_visitor="false">
          <bonus cfg_ver="1" name="TimedNotOvercook" duration="30" />
          <bonus cfg_ver="1" name="TimedChefHelping" duration="20" />
        </step>
        <step cfg_ver="1" progress="7" golden_visitor="true">
          <bonus cfg_ver="1" name="TimedNotOvercook" duration="30" />
          <bonus cfg_ver="1" name="TimedChefHelping" duration="20" />
        </step>
      </steps>
    </event>
    <event cfg_ver="2" name="Chef_Sweep_2024_11_08" start="2024-11-08 19-00" duration="24" ignore_custom_level="true">
      <gold_visitor pause_level_timer="false" lock_visitors="false" wait_timer_coef="1" tip_coef="2" order_count="5" />
      <steps>
        <step cfg_ver="1" progress="1" golden_visitor="false">
          <bonus cfg_ver="1" name="TimedNotOvercook" duration="30" />
        </step>
        <step cfg_ver="1" progress="4" golden_visitor="false">
          <bonus cfg_ver="1" name="TimedNotOvercook" duration="30" />
          <bonus cfg_ver="1" name="TimedChefHelping" duration="20" />
        </step>
        <step cfg_ver="1" progress="7" golden_visitor="true">
          <bonus cfg_ver="1" name="TimedNotOvercook" duration="30" />
          <bonus cfg_ver="1" name="TimedChefHelping" duration="20" />
        </step>
      </steps>
    </event>
    <event cfg_ver="2" name="Chef_Sweep_2024_11_15" start="2024-11-15 19-00" duration="24" ignore_custom_level="true">
      <gold_visitor pause_level_timer="false" lock_visitors="false" wait_timer_coef="1" tip_coef="2" order_count="5" />
      <steps>
        <step cfg_ver="1" progress="1" golden_visitor="false">
          <bonus cfg_ver="1" name="TimedNotOvercook" duration="30" />
        </step>
        <step cfg_ver="1" progress="4" golden_visitor="false">
          <bonus cfg_ver="1" name="TimedNotOvercook" duration="30" />
          <bonus cfg_ver="1" name="TimedChefHelping" duration="20" />
        </step>
        <step cfg_ver="1" progress="7" golden_visitor="true">
          <bonus cfg_ver="1" name="TimedNotOvercook" duration="30" />
          <bonus cfg_ver="1" name="TimedChefHelping" duration="20" />
        </step>
      </steps>
    </event>
    <event cfg_ver="2" name="Chef_Sweep_2024_11_22" start="2024-11-22 19-00" duration="24" ignore_custom_level="true">
      <gold_visitor pause_level_timer="false" lock_visitors="false" wait_timer_coef="1" tip_coef="2" order_count="5" />
      <steps>
        <step cfg_ver="1" progress="1" golden_visitor="false">
          <bonus cfg_ver="1" name="TimedNotOvercook" duration="30" />
        </step>
        <step cfg_ver="1" progress="4" golden_visitor="false">
          <bonus cfg_ver="1" name="TimedNotOvercook" duration="30" />
          <bonus cfg_ver="1" name="TimedChefHelping" duration="20" />
        </step>
        <step cfg_ver="1" progress="7" golden_visitor="true">
          <bonus cfg_ver="1" name="TimedNotOvercook" duration="30" />
          <bonus cfg_ver="1" name="TimedChefHelping" duration="20" />
        </step>
      </steps>
    </event>
    <event cfg_ver="2" name="Chef_Sweep_2024_11_29" start="2024-11-29 19-00" duration="24" ignore_custom_level="true">
      <gold_visitor pause_level_timer="false" lock_visitors="false" wait_timer_coef="1" tip_coef="2" order_count="5" />
      <steps>
        <step cfg_ver="1" progress="1" golden_visitor="false">
          <bonus cfg_ver="1" name="TimedNotOvercook" duration="30" />
        </step>
        <step cfg_ver="1" progress="4" golden_visitor="false">
          <bonus cfg_ver="1" name="TimedNotOvercook" duration="30" />
          <bonus cfg_ver="1" name="TimedChefHelping" duration="20" />
        </step>
        <step cfg_ver="1" progress="7" golden_visitor="true">
          <bonus cfg_ver="1" name="TimedNotOvercook" duration="30" />
          <bonus cfg_ver="1" name="TimedChefHelping" duration="20" />
        </step>
      </steps>
    </event>
    <event cfg_ver="2" name="Chef_Sweep_2024_12_06" start="2024-12-06 19-00" duration="24" ignore_custom_level="true">
      <gold_visitor pause_level_timer="false" lock_visitors="false" wait_timer_coef="1" tip_coef="2" order_count="5" />
      <steps>
        <step cfg_ver="1" progress="1" golden_visitor="false">
          <bonus cfg_ver="1" name="TimedNotOvercook" duration="30" />
        </step>
        <step cfg_ver="1" progress="4" golden_visitor="false">
          <bonus cfg_ver="1" name="TimedNotOvercook" duration="30" />
          <bonus cfg_ver="1" name="TimedChefHelping" duration="20" />
        </step>
        <step cfg_ver="1" progress="7" golden_visitor="true">
          <bonus cfg_ver="1" name="TimedNotOvercook" duration="30" />
          <bonus cfg_ver="1" name="TimedChefHelping" duration="20" />
        </step>
      </steps>
    </event>
    <event cfg_ver="2" name="Chef_Sweep_2024_12_13" start="2024-12-13 19-00" duration="24" ignore_custom_level="true">
      <gold_visitor pause_level_timer="false" lock_visitors="false" wait_timer_coef="1" tip_coef="2" order_count="5" />
      <steps>
        <step cfg_ver="1" progress="1" golden_visitor="false">
          <bonus cfg_ver="1" name="TimedNotOvercook" duration="30" />
        </step>
        <step cfg_ver="1" progress="4" golden_visitor="false">
          <bonus cfg_ver="1" name="TimedNotOvercook" duration="30" />
          <bonus cfg_ver="1" name="TimedChefHelping" duration="20" />
        </step>
        <step cfg_ver="1" progress="7" golden_visitor="true">
          <bonus cfg_ver="1" name="TimedNotOvercook" duration="30" />
          <bonus cfg_ver="1" name="TimedChefHelping" duration="20" />
        </step>
      </steps>
    </event>
    <event cfg_ver="2" name="Chef_Sweep_2024_12_20" start="2024-12-20 19-00" duration="24" ignore_custom_level="true">
      <gold_visitor pause_level_timer="false" lock_visitors="false" wait_timer_coef="1" tip_coef="2" order_count="5" />
      <steps>
        <step cfg_ver="1" progress="1" golden_visitor="false">
          <bonus cfg_ver="1" name="TimedNotOvercook" duration="30" />
        </step>
        <step cfg_ver="1" progress="4" golden_visitor="false">
          <bonus cfg_ver="1" name="TimedNotOvercook" duration="30" />
          <bonus cfg_ver="1" name="TimedChefHelping" duration="20" />
        </step>
        <step cfg_ver="1" progress="7" golden_visitor="true">
          <bonus cfg_ver="1" name="TimedNotOvercook" duration="30" />
          <bonus cfg_ver="1" name="TimedChefHelping" duration="20" />
        </step>
      </steps>
    </event>
    <event cfg_ver="2" name="Chef_Sweep_2024_12_27" start="2024-12-27 19-00" duration="24" ignore_custom_level="true">
      <gold_visitor pause_level_timer="false" lock_visitors="false" wait_timer_coef="1" tip_coef="2" order_count="5" />
      <steps>
        <step cfg_ver="1" progress="1" golden_visitor="false">
          <bonus cfg_ver="1" name="TimedNotOvercook" duration="30" />
        </step>
        <step cfg_ver="1" progress="4" golden_visitor="false">
          <bonus cfg_ver="1" name="TimedNotOvercook" duration="30" />
          <bonus cfg_ver="1" name="TimedChefHelping" duration="20" />
        </step>
        <step cfg_ver="1" progress="7" golden_visitor="true">
          <bonus cfg_ver="1" name="TimedNotOvercook" duration="30" />
          <bonus cfg_ver="1" name="TimedChefHelping" duration="20" />
        </step>
      </steps>
    </event>
    <event cfg_ver="2" name="Chef_Sweep_2025_01_03" start="2025-01-03 19-00" duration="24" ignore_custom_level="true">
      <gold_visitor pause_level_timer="false" lock_visitors="false" wait_timer_coef="1" tip_coef="2" order_count="5" />
      <steps>
        <step cfg_ver="1" progress="1" golden_visitor="false">
          <bonus cfg_ver="1" name="TimedNotOvercook" duration="30" />
        </step>
        <step cfg_ver="1" progress="4" golden_visitor="false">
          <bonus cfg_ver="1" name="TimedNotOvercook" duration="30" />
          <bonus cfg_ver="1" name="TimedChefHelping" duration="20" />
        </step>
        <step cfg_ver="1" progress="7" golden_visitor="true">
          <bonus cfg_ver="1" name="TimedNotOvercook" duration="30" />
          <bonus cfg_ver="1" name="TimedChefHelping" duration="20" />
        </step>
      </steps>
    </event>
    <event cfg_ver="2" name="Chef_Sweep_2025_01_10" start="2025-01-10 19-00" duration="24" ignore_custom_level="true">
      <gold_visitor pause_level_timer="false" lock_visitors="false" wait_timer_coef="1" tip_coef="2" order_count="5" />
      <steps>
        <step cfg_ver="1" progress="1" golden_visitor="false">
          <bonus cfg_ver="1" name="TimedNotOvercook" duration="30" />
        </step>
        <step cfg_ver="1" progress="4" golden_visitor="false">
          <bonus cfg_ver="1" name="TimedNotOvercook" duration="30" />
          <bonus cfg_ver="1" name="TimedChefHelping" duration="20" />
        </step>
        <step cfg_ver="1" progress="7" golden_visitor="true">
          <bonus cfg_ver="1" name="TimedNotOvercook" duration="30" />
          <bonus cfg_ver="1" name="TimedChefHelping" duration="20" />
        </step>
      </steps>
    </event>
    <event cfg_ver="2" name="Chef_Sweep_2025_01_17" start="2025-01-17 19-00" duration="24" ignore_custom_level="true">
      <gold_visitor pause_level_timer="false" lock_visitors="false" wait_timer_coef="1" tip_coef="2" order_count="5" />
      <steps>
        <step cfg_ver="1" progress="1" golden_visitor="false">
          <bonus cfg_ver="1" name="TimedNotOvercook" duration="30" />
        </step>
        <step cfg_ver="1" progress="4" golden_visitor="false">
          <bonus cfg_ver="1" name="TimedNotOvercook" duration="30" />
          <bonus cfg_ver="1" name="TimedChefHelping" duration="20" />
        </step>
        <step cfg_ver="1" progress="7" golden_visitor="true">
          <bonus cfg_ver="1" name="TimedNotOvercook" duration="30" />
          <bonus cfg_ver="1" name="TimedChefHelping" duration="20" />
        </step>
      </steps>
    </event>
    <event cfg_ver="2" name="Chef_Sweep_2025_01_24" start="2025-01-24 19-00" duration="24" ignore_custom_level="true">
      <gold_visitor pause_level_timer="false" lock_visitors="false" wait_timer_coef="1" tip_coef="2" order_count="5" />
      <steps>
        <step cfg_ver="1" progress="1" golden_visitor="false">
          <bonus cfg_ver="1" name="TimedNotOvercook" duration="30" />
        </step>
        <step cfg_ver="1" progress="4" golden_visitor="false">
          <bonus cfg_ver="1" name="TimedNotOvercook" duration="30" />
          <bonus cfg_ver="1" name="TimedChefHelping" duration="20" />
        </step>
        <step cfg_ver="1" progress="7" golden_visitor="true">
          <bonus cfg_ver="1" name="TimedNotOvercook" duration="30" />
          <bonus cfg_ver="1" name="TimedChefHelping" duration="20" />
        </step>
      </steps>
    </event>
    <event cfg_ver="2" name="Chef_Sweep_2025_01_31" start="2025-01-31 19-00" duration="24" ignore_custom_level="true">
      <gold_visitor pause_level_timer="false" lock_visitors="false" wait_timer_coef="1" tip_coef="2" order_count="5" />
      <steps>
        <step cfg_ver="1" progress="1" golden_visitor="false">
          <bonus cfg_ver="1" name="TimedNotOvercook" duration="30" />
        </step>
        <step cfg_ver="1" progress="4" golden_visitor="false">
          <bonus cfg_ver="1" name="TimedNotOvercook" duration="30" />
          <bonus cfg_ver="1" name="TimedChefHelping" duration="20" />
        </step>
        <step cfg_ver="1" progress="7" golden_visitor="true">
          <bonus cfg_ver="1" name="TimedNotOvercook" duration="30" />
          <bonus cfg_ver="1" name="TimedChefHelping" duration="20" />
        </step>
      </steps>
    </event>
    <event cfg_ver="2" name="Chef_Sweep_2025_02_07" start="2025-02-07 19-00" duration="24" ignore_custom_level="true">
      <gold_visitor pause_level_timer="false" lock_visitors="false" wait_timer_coef="1" tip_coef="2" order_count="5" />
      <steps>
        <step cfg_ver="1" progress="1" golden_visitor="false">
          <bonus cfg_ver="1" name="TimedNotOvercook" duration="30" />
        </step>
        <step cfg_ver="1" progress="4" golden_visitor="false">
          <bonus cfg_ver="1" name="TimedNotOvercook" duration="30" />
          <bonus cfg_ver="1" name="TimedChefHelping" duration="20" />
        </step>
        <step cfg_ver="1" progress="7" golden_visitor="true">
          <bonus cfg_ver="1" name="TimedNotOvercook" duration="30" />
          <bonus cfg_ver="1" name="TimedChefHelping" duration="20" />
        </step>
      </steps>
    </event>
    <event cfg_ver="2" name="Chef_Sweep_2025_02_14" start="2025-02-14 19-00" duration="24" ignore_custom_level="true">
      <gold_visitor pause_level_timer="false" lock_visitors="false" wait_timer_coef="1" tip_coef="2" order_count="5" />
      <steps>
        <step cfg_ver="1" progress="1" golden_visitor="false">
          <bonus cfg_ver="1" name="TimedNotOvercook" duration="30" />
        </step>
        <step cfg_ver="1" progress="4" golden_visitor="false">
          <bonus cfg_ver="1" name="TimedNotOvercook" duration="30" />
          <bonus cfg_ver="1" name="TimedChefHelping" duration="20" />
        </step>
        <step cfg_ver="1" progress="7" golden_visitor="true">
          <bonus cfg_ver="1" name="TimedNotOvercook" duration="30" />
          <bonus cfg_ver="1" name="TimedChefHelping" duration="20" />
        </step>
      </steps>
    </event>
    <event cfg_ver="2" name="Chef_Sweep_2025_02_21" start="2025-02-21 19-00" duration="24" ignore_custom_level="true">
      <gold_visitor pause_level_timer="false" lock_visitors="false" wait_timer_coef="1" tip_coef="2" order_count="5" />
      <steps>
        <step cfg_ver="1" progress="1" golden_visitor="false">
          <bonus cfg_ver="1" name="TimedNotOvercook" duration="30" />
        </step>
        <step cfg_ver="1" progress="4" golden_visitor="false">
          <bonus cfg_ver="1" name="TimedNotOvercook" duration="30" />
          <bonus cfg_ver="1" name="TimedChefHelping" duration="20" />
        </step>
        <step cfg_ver="1" progress="7" golden_visitor="true">
          <bonus cfg_ver="1" name="TimedNotOvercook" duration="30" />
          <bonus cfg_ver="1" name="TimedChefHelping" duration="20" />
        </step>
      </steps>
    </event>
    <event cfg_ver="2" name="Chef_Sweep_2025_02_28" start="2025-02-28 19-00" duration="24" ignore_custom_level="true">
      <gold_visitor pause_level_timer="false" lock_visitors="false" wait_timer_coef="1" tip_coef="2" order_count="5" />
      <steps>
        <step cfg_ver="1" progress="1" golden_visitor="false">
          <bonus cfg_ver="1" name="TimedNotOvercook" duration="30" />
        </step>
        <step cfg_ver="1" progress="4" golden_visitor="false">
          <bonus cfg_ver="1" name="TimedNotOvercook" duration="30" />
          <bonus cfg_ver="1" name="TimedChefHelping" duration="20" />
        </step>
        <step cfg_ver="1" progress="7" golden_visitor="true">
          <bonus cfg_ver="1" name="TimedNotOvercook" duration="30" />
          <bonus cfg_ver="1" name="TimedChefHelping" duration="20" />
        </step>
      </steps>
    </event>
    <event cfg_ver="2" name="Chef_Sweep_2025_03_07" start="2025-03-07 19-00" duration="24" ignore_custom_level="true">
      <gold_visitor pause_level_timer="false" lock_visitors="false" wait_timer_coef="1" tip_coef="2" order_count="5" />
      <steps>
        <step cfg_ver="1" progress="1" golden_visitor="false">
          <bonus cfg_ver="1" name="TimedNotOvercook" duration="30" />
        </step>
        <step cfg_ver="1" progress="4" golden_visitor="false">
          <bonus cfg_ver="1" name="TimedNotOvercook" duration="30" />
          <bonus cfg_ver="1" name="TimedChefHelping" duration="20" />
        </step>
        <step cfg_ver="1" progress="7" golden_visitor="true">
          <bonus cfg_ver="1" name="TimedNotOvercook" duration="30" />
          <bonus cfg_ver="1" name="TimedChefHelping" duration="20" />
        </step>
      </steps>
    </event>
    <event cfg_ver="2" name="Chef_Sweep_2025_03_14" start="2025-03-14 19-00" duration="24" ignore_custom_level="true">
      <gold_visitor pause_level_timer="false" lock_visitors="false" wait_timer_coef="1" tip_coef="2" order_count="5" />
      <steps>
        <step cfg_ver="1" progress="1" golden_visitor="false">
          <bonus cfg_ver="1" name="TimedNotOvercook" duration="30" />
        </step>
        <step cfg_ver="1" progress="4" golden_visitor="false">
          <bonus cfg_ver="1" name="TimedNotOvercook" duration="30" />
          <bonus cfg_ver="1" name="TimedChefHelping" duration="20" />
        </step>
        <step cfg_ver="1" progress="7" golden_visitor="true">
          <bonus cfg_ver="1" name="TimedNotOvercook" duration="30" />
          <bonus cfg_ver="1" name="TimedChefHelping" duration="20" />
        </step>
      </steps>
    </event>
    <event cfg_ver="2" name="Chef_Sweep_2025_03_21" start="2025-03-21 19-00" duration="24" ignore_custom_level="true">
      <gold_visitor pause_level_timer="false" lock_visitors="false" wait_timer_coef="1" tip_coef="2" order_count="5" />
      <steps>
        <step cfg_ver="1" progress="1" golden_visitor="false">
          <bonus cfg_ver="1" name="TimedNotOvercook" duration="30" />
        </step>
        <step cfg_ver="1" progress="4" golden_visitor="false">
          <bonus cfg_ver="1" name="TimedNotOvercook" duration="30" />
          <bonus cfg_ver="1" name="TimedChefHelping" duration="20" />
        </step>
        <step cfg_ver="1" progress="7" golden_visitor="true">
          <bonus cfg_ver="1" name="TimedNotOvercook" duration="30" />
          <bonus cfg_ver="1" name="TimedChefHelping" duration="20" />
        </step>
      </steps>
    </event>
    <event cfg_ver="2" name="Chef_Sweep_2025_03_28" start="2025-03-28 19-00" duration="24" ignore_custom_level="true">
      <gold_visitor pause_level_timer="false" lock_visitors="false" wait_timer_coef="1" tip_coef="2" order_count="5" />
      <steps>
        <step cfg_ver="1" progress="1" golden_visitor="false">
          <bonus cfg_ver="1" name="TimedNotOvercook" duration="30" />
        </step>
        <step cfg_ver="1" progress="4" golden_visitor="false">
          <bonus cfg_ver="1" name="TimedNotOvercook" duration="30" />
          <bonus cfg_ver="1" name="TimedChefHelping" duration="20" />
        </step>
        <step cfg_ver="1" progress="7" golden_visitor="true">
          <bonus cfg_ver="1" name="TimedNotOvercook" duration="30" />
          <bonus cfg_ver="1" name="TimedChefHelping" duration="20" />
        </step>
      </steps>
    </event>
    <event cfg_ver="2" name="Chef_Sweep_2025_04_04" start="2025-04-04 19-00" duration="24" ignore_custom_level="true">
      <gold_visitor pause_level_timer="false" lock_visitors="false" wait_timer_coef="1" tip_coef="2" order_count="5" />
      <steps>
        <step cfg_ver="1" progress="1" golden_visitor="false">
          <bonus cfg_ver="1" name="TimedNotOvercook" duration="30" />
        </step>
        <step cfg_ver="1" progress="4" golden_visitor="false">
          <bonus cfg_ver="1" name="TimedNotOvercook" duration="30" />
          <bonus cfg_ver="1" name="TimedChefHelping" duration="20" />
        </step>
        <step cfg_ver="1" progress="7" golden_visitor="true">
          <bonus cfg_ver="1" name="TimedNotOvercook" duration="30" />
          <bonus cfg_ver="1" name="TimedChefHelping" duration="20" />
        </step>
      </steps>
    </event>
    <event cfg_ver="2" name="Chef_Sweep_2025_04_11" start="2025-04-11 19-00" duration="24" ignore_custom_level="true">
      <gold_visitor pause_level_timer="false" lock_visitors="false" wait_timer_coef="1" tip_coef="2" order_count="5" />
      <steps>
        <step cfg_ver="1" progress="1" golden_visitor="false">
          <bonus cfg_ver="1" name="TimedNotOvercook" duration="30" />
        </step>
        <step cfg_ver="1" progress="4" golden_visitor="false">
          <bonus cfg_ver="1" name="TimedNotOvercook" duration="30" />
          <bonus cfg_ver="1" name="TimedChefHelping" duration="20" />
        </step>
        <step cfg_ver="1" progress="7" golden_visitor="true">
          <bonus cfg_ver="1" name="TimedNotOvercook" duration="30" />
          <bonus cfg_ver="1" name="TimedChefHelping" duration="20" />
        </step>
      </steps>
    </event>
    <event cfg_ver="2" name="Chef_Sweep_2025_04_18" start="2025-04-18 19-00" duration="24" ignore_custom_level="true">
      <gold_visitor pause_level_timer="false" lock_visitors="false" wait_timer_coef="1" tip_coef="2" order_count="5" />
      <steps>
        <step cfg_ver="1" progress="1" golden_visitor="false">
          <bonus cfg_ver="1" name="TimedNotOvercook" duration="30" />
        </step>
        <step cfg_ver="1" progress="4" golden_visitor="false">
          <bonus cfg_ver="1" name="TimedNotOvercook" duration="30" />
          <bonus cfg_ver="1" name="TimedChefHelping" duration="20" />
        </step>
        <step cfg_ver="1" progress="7" golden_visitor="true">
          <bonus cfg_ver="1" name="TimedNotOvercook" duration="30" />
          <bonus cfg_ver="1" name="TimedChefHelping" duration="20" />
        </step>
      </steps>
    </event>
    <event cfg_ver="2" name="Chef_Sweep_2025_04_25" start="2025-04-25 19-00" duration="24" ignore_custom_level="true">
      <gold_visitor pause_level_timer="false" lock_visitors="false" wait_timer_coef="1" tip_coef="2" order_count="5" />
      <steps>
        <step cfg_ver="1" progress="1" golden_visitor="false">
          <bonus cfg_ver="1" name="TimedNotOvercook" duration="30" />
        </step>
        <step cfg_ver="1" progress="4" golden_visitor="false">
          <bonus cfg_ver="1" name="TimedNotOvercook" duration="30" />
          <bonus cfg_ver="1" name="TimedChefHelping" duration="20" />
        </step>
        <step cfg_ver="1" progress="7" golden_visitor="true">
          <bonus cfg_ver="1" name="TimedNotOvercook" duration="30" />
          <bonus cfg_ver="1" name="TimedChefHelping" duration="20" />
        </step>
      </steps>
    </event>
    <event cfg_ver="2" name="Chef_Sweep_2025_05_02" start="2025-05-02 19-00" duration="24" ignore_custom_level="true">
      <gold_visitor pause_level_timer="false" lock_visitors="false" wait_timer_coef="1" tip_coef="2" order_count="5" />
      <steps>
        <step cfg_ver="1" progress="1" golden_visitor="false">
          <bonus cfg_ver="1" name="TimedNotOvercook" duration="30" />
        </step>
        <step cfg_ver="1" progress="4" golden_visitor="false">
          <bonus cfg_ver="1" name="TimedNotOvercook" duration="30" />
          <bonus cfg_ver="1" name="TimedChefHelping" duration="20" />
        </step>
        <step cfg_ver="1" progress="7" golden_visitor="true">
          <bonus cfg_ver="1" name="TimedNotOvercook" duration="30" />
          <bonus cfg_ver="1" name="TimedChefHelping" duration="20" />
        </step>
      </steps>
    </event>
    <event cfg_ver="2" name="Chef_Sweep_2025_05_09" start="2025-05-09 19-00" duration="24" ignore_custom_level="true">
      <gold_visitor pause_level_timer="false" lock_visitors="false" wait_timer_coef="1" tip_coef="2" order_count="5" />
      <steps>
        <step cfg_ver="1" progress="1" golden_visitor="false">
          <bonus cfg_ver="1" name="TimedNotOvercook" duration="30" />
        </step>
        <step cfg_ver="1" progress="4" golden_visitor="false">
          <bonus cfg_ver="1" name="TimedNotOvercook" duration="30" />
          <bonus cfg_ver="1" name="TimedChefHelping" duration="20" />
        </step>
        <step cfg_ver="1" progress="7" golden_visitor="true">
          <bonus cfg_ver="1" name="TimedNotOvercook" duration="30" />
          <bonus cfg_ver="1" name="TimedChefHelping" duration="20" />
        </step>
      </steps>
    </event>
    <event cfg_ver="2" name="Chef_Sweep_2025_05_16" start="2025-05-16 19-00" duration="24" ignore_custom_level="true">
      <gold_visitor pause_level_timer="false" lock_visitors="false" wait_timer_coef="1" tip_coef="2" order_count="5" />
      <steps>
        <step cfg_ver="1" progress="1" golden_visitor="false">
          <bonus cfg_ver="1" name="TimedNotOvercook" duration="30" />
        </step>
        <step cfg_ver="1" progress="4" golden_visitor="false">
          <bonus cfg_ver="1" name="TimedNotOvercook" duration="30" />
          <bonus cfg_ver="1" name="TimedChefHelping" duration="20" />
        </step>
        <step cfg_ver="1" progress="7" golden_visitor="true">
          <bonus cfg_ver="1" name="TimedNotOvercook" duration="30" />
          <bonus cfg_ver="1" name="TimedChefHelping" duration="20" />
        </step>
      </steps>
    </event>
    <event cfg_ver="2" name="Chef_Sweep_2025_05_23" start="2025-05-23 19-00" duration="24" ignore_custom_level="true">
      <gold_visitor pause_level_timer="false" lock_visitors="false" wait_timer_coef="1" tip_coef="2" order_count="5" />
      <steps>
        <step cfg_ver="1" progress="1" golden_visitor="false">
          <bonus cfg_ver="1" name="TimedNotOvercook" duration="30" />
        </step>
        <step cfg_ver="1" progress="4" golden_visitor="false">
          <bonus cfg_ver="1" name="TimedNotOvercook" duration="30" />
          <bonus cfg_ver="1" name="TimedChefHelping" duration="20" />
        </step>
        <step cfg_ver="1" progress="7" golden_visitor="true">
          <bonus cfg_ver="1" name="TimedNotOvercook" duration="30" />
          <bonus cfg_ver="1" name="TimedChefHelping" duration="20" />
        </step>
      </steps>
    </event>
    <event cfg_ver="2" name="Chef_Sweep_2025_05_30" start="2025-05-30 19-00" duration="24" ignore_custom_level="true">
      <gold_visitor pause_level_timer="false" lock_visitors="false" wait_timer_coef="1" tip_coef="2" order_count="5" />
      <steps>
        <step cfg_ver="1" progress="1" golden_visitor="false">
          <bonus cfg_ver="1" name="TimedNotOvercook" duration="30" />
        </step>
        <step cfg_ver="1" progress="4" golden_visitor="false">
          <bonus cfg_ver="1" name="TimedNotOvercook" duration="30" />
          <bonus cfg_ver="1" name="TimedChefHelping" duration="20" />
        </step>
        <step cfg_ver="1" progress="7" golden_visitor="true">
          <bonus cfg_ver="1" name="TimedNotOvercook" duration="30" />
          <bonus cfg_ver="1" name="TimedChefHelping" duration="20" />
        </step>
      </steps>
    </event>
  </events>
</root>