<?xml version="1.0" encoding="utf-8"?>
<root>
  <common unlock_level="((NewYork,1),11)" />
  <events>
    <event name="event_Alps_1_782" region="(Alps,1)" start="2025-01-31 19-00" duration="24" local_time="false" reset="true" force="false" override="false" immortality="30">
      <reward>
        <booster name="SecondChance" value="1" />
        <chest_ticket name="Silver" value="50" />
        <chest_ticket name="Golden" value="10" />
        <chest_ticket name="Diamond" value="5" />
      </reward>
    </event>
    <event name="event_Amsterdam_2_783" region="(Amsterdam,2)" start="2025-02-02 19-00" duration="24" local_time="false" reset="true" force="false" override="false" immortality="30">
      <reward>
        <booster name="SecondChance" value="1" />
        <chest_ticket name="Silver" value="50" />
        <chest_ticket name="Golden" value="10" />
        <chest_ticket name="Diamond" value="5" />
      </reward>
    </event>
    <event name="event_Singapore_2_784" region="(Singapore,2)" start="2025-02-04 19-00" duration="24" local_time="false" reset="true" force="false" override="false" immortality="30">
      <reward>
        <booster name="SecondChance" value="1" />
        <chest_ticket name="Silver" value="50" />
        <chest_ticket name="Golden" value="10" />
        <chest_ticket name="Diamond" value="5" />
      </reward>
    </event>
    <event name="event_Paris_2_785" region="(Paris,2)" start="2025-02-06 19-00" duration="24" local_time="false" reset="true" force="false" override="false" immortality="30">
      <reward>
        <booster name="SecondChance" value="1" />
        <chest_ticket name="Silver" value="50" />
        <chest_ticket name="Golden" value="10" />
        <chest_ticket name="Diamond" value="5" />
      </reward>
    </event>
    <event name="event_Rio_2_786" region="(Rio,2)" start="2025-02-08 19-00" duration="24" local_time="false" reset="true" force="false" override="false" immortality="30">
      <reward>
        <booster name="SecondChance" value="1" />
        <chest_ticket name="Silver" value="50" />
        <chest_ticket name="Golden" value="10" />
        <chest_ticket name="Diamond" value="5" />
      </reward>
    </event>
    <event name="event_Tokyo_2_787" region="(Tokyo,2)" start="2025-02-10 19-00" duration="24" local_time="false" reset="true" force="false" override="false" immortality="30">
      <reward>
        <booster name="SecondChance" value="1" />
        <chest_ticket name="Silver" value="50" />
        <chest_ticket name="Golden" value="10" />
        <chest_ticket name="Diamond" value="5" />
      </reward>
    </event>
  </events>
  <cities>
    <city name="Alps">
      <region cfg_ver="1">
        <extra_point_level_reward default_reward="0" />
      </region>
      <region cfg_ver="1">
        <level_info>
          <level>
            <sublevel min_wait="40" max_wait="40" min_spawn="4" max_spawn="4" min_density="1.5" max_density="1.5" cfg_ver="2" recommendation="false" difficulty="-2">
              <orders />
              <target type="dishes" count="15" />
            </sublevel>
          </level>
          <kits>
            <kit name="Strudel" />
            <kit name="ChocolateSyrup" />
            <kit name="Mint" />
            <kit name="Soup" />
            <kit name="MulledWine" />
            <kit name="Duck" />
            <kit name="Salad" />
          </kits>
          <upgrades>
            <upgrade name="StrudelMachine" value="1" />
            <upgrade name="StrudelRaw" value="1" />
            <upgrade name="StrawberrySyrup" value="1" />
            <upgrade name="ChocolateSyrup" value="1" />
            <upgrade name="Cream" value="1" />
            <upgrade name="Mint" value="1" />
            <upgrade name="SoupMachine" value="1" />
            <upgrade name="SoupPlateMachine" value="1" />
            <upgrade name="SoupRaw" value="1" />
            <upgrade name="Sandwiche" value="1" />
            <upgrade name="MulledWineRaw" value="1" />
            <upgrade name="MulledWineMachine" value="1" />
            <upgrade name="DuckRaw" value="1" />
            <upgrade name="DuckMachine" value="1" />
            <upgrade name="PureeRaw" value="1" />
            <upgrade name="PureeMachine" value="1" />
            <upgrade name="Salad" value="1" />
          </upgrades>
        </level_info>
        <level_info>
          <level>
            <sublevel min_wait="26" max_wait="26" min_spawn="2" max_spawn="2" min_density="2.1" max_density="2.1" min_combo_lvl="0.7" max_combo_lvl="0.7" cfg_ver="2" recommendation="false" difficulty="-2">
              <orders />
              <target type="money" count="600" />
            </sublevel>
          </level>
          <kits>
            <kit name="Strudel" />
            <kit name="StrawberrySyrup" />
            <kit name="ChocolateSyrup" />
            <kit name="Mint" />
            <kit name="Soup" />
            <kit name="MulledWine" />
            <kit name="Duck" />
            <kit name="Puree" />
            <kit name="Salad" />
          </kits>
          <upgrades>
            <upgrade name="StrudelMachine" value="1" />
            <upgrade name="StrudelRaw" value="1" />
            <upgrade name="StrawberrySyrup" value="1" />
            <upgrade name="ChocolateSyrup" value="1" />
            <upgrade name="Cream" value="1" />
            <upgrade name="Mint" value="1" />
            <upgrade name="SoupMachine" value="1" />
            <upgrade name="SoupPlateMachine" value="1" />
            <upgrade name="SoupRaw" value="1" />
            <upgrade name="Sandwiche" value="1" />
            <upgrade name="MulledWineRaw" value="1" />
            <upgrade name="MulledWineMachine" value="1" />
            <upgrade name="DuckRaw" value="1" />
            <upgrade name="DuckMachine" value="1" />
            <upgrade name="PureeRaw" value="1" />
            <upgrade name="PureeMachine" value="1" />
            <upgrade name="Salad" value="1" />
          </upgrades>
        </level_info>
        <level_info>
          <level>
            <sublevel min_wait="10" max_wait="10" min_spawn="2.6" max_spawn="2.6" min_density="2.5" max_density="2.5" cfg_ver="2" recommendation="false" difficulty="-2">
              <orders />
              <target type="dishes" count="36" />
              <limit type="not_away_visitors" />
            </sublevel>
          </level>
          <kits>
            <kit name="Strudel" />
            <kit name="StrawberrySyrup" />
            <kit name="ChocolateSyrup" />
            <kit name="Cream" />
            <kit name="Mint" />
            <kit name="Soup" />
            <kit name="Sandwiche" />
            <kit name="MulledWine" />
            <kit name="Duck" />
            <kit name="Puree" />
            <kit name="Salad" />
          </kits>
          <upgrades>
            <upgrade name="StrudelMachine" value="1" />
            <upgrade name="StrudelRaw" value="1" />
            <upgrade name="StrawberrySyrup" value="1" />
            <upgrade name="ChocolateSyrup" value="1" />
            <upgrade name="Cream" value="1" />
            <upgrade name="Mint" value="1" />
            <upgrade name="SoupMachine" value="1" />
            <upgrade name="SoupPlateMachine" value="1" />
            <upgrade name="SoupRaw" value="1" />
            <upgrade name="Sandwiche" value="1" />
            <upgrade name="MulledWineRaw" value="1" />
            <upgrade name="MulledWineMachine" value="1" />
            <upgrade name="DuckRaw" value="1" />
            <upgrade name="DuckMachine" value="1" />
            <upgrade name="PureeRaw" value="1" />
            <upgrade name="PureeMachine" value="1" />
            <upgrade name="Salad" value="1" />
          </upgrades>
        </level_info>
        <level_info>
          <level>
            <sublevel max_wait="14" timer="71" min_density="2.8" max_density="2.8" cfg_ver="2" recommendation="false" difficulty="-2">
              <orders />
              <target type="likes" count="22" />
              <limit type="not_overcook" />
            </sublevel>
          </level>
          <kits>
            <kit name="Strudel" />
            <kit name="StrawberrySyrup" />
            <kit name="ChocolateSyrup" />
            <kit name="Cream" />
            <kit name="Mint" />
            <kit name="Soup" />
            <kit name="Sandwiche" />
            <kit name="MulledWine" />
            <kit name="Duck" />
            <kit name="Puree" />
            <kit name="Salad" />
          </kits>
          <upgrades>
            <upgrade name="StrudelMachine" value="2" />
            <upgrade name="StrudelRaw" value="1" />
            <upgrade name="StrawberrySyrup" value="1" />
            <upgrade name="ChocolateSyrup" value="1" />
            <upgrade name="Cream" value="1" />
            <upgrade name="Mint" value="1" />
            <upgrade name="SoupMachine" value="2" />
            <upgrade name="SoupPlateMachine" value="2" />
            <upgrade name="SoupRaw" value="1" />
            <upgrade name="Sandwiche" value="1" />
            <upgrade name="MulledWineRaw" value="1" />
            <upgrade name="MulledWineMachine" value="2" />
            <upgrade name="DuckRaw" value="1" />
            <upgrade name="DuckMachine" value="2" />
            <upgrade name="PureeRaw" value="1" />
            <upgrade name="PureeMachine" value="2" />
            <upgrade name="Salad" value="1" />
          </upgrades>
        </level_info>
        <level_info>
          <level>
            <sublevel min_wait="7" max_wait="7" min_spawn="1.3" max_spawn="1.3" min_density="3" min_combo_lvl="1" cfg_ver="2" recommendation="false" difficulty="-2">
              <orders />
              <target type="money" count="1760" />
              <limit type="dont_use_trash" />
            </sublevel>
          </level>
          <kits>
            <kit name="Strudel" />
            <kit name="StrawberrySyrup" />
            <kit name="ChocolateSyrup" />
            <kit name="Cream" />
            <kit name="Mint" />
            <kit name="Soup" />
            <kit name="Sandwiche" />
            <kit name="MulledWine" />
            <kit name="Duck" />
            <kit name="Puree" />
            <kit name="Salad" />
          </kits>
          <upgrades>
            <upgrade name="StrudelMachine" value="2" />
            <upgrade name="StrudelRaw" value="1" />
            <upgrade name="StrawberrySyrup" value="1" />
            <upgrade name="ChocolateSyrup" value="1" />
            <upgrade name="Cream" value="1" />
            <upgrade name="Mint" value="1" />
            <upgrade name="SoupMachine" value="2" />
            <upgrade name="SoupPlateMachine" value="2" />
            <upgrade name="SoupRaw" value="1" />
            <upgrade name="Sandwiche" value="1" />
            <upgrade name="MulledWineRaw" value="1" />
            <upgrade name="MulledWineMachine" value="2" />
            <upgrade name="DuckRaw" value="1" />
            <upgrade name="DuckMachine" value="2" />
            <upgrade name="PureeRaw" value="1" />
            <upgrade name="PureeMachine" value="2" />
            <upgrade name="Salad" value="1" />
          </upgrades>
        </level_info>
        <extra_point_level_reward default_reward="0" />
      </region>
    </city>
    <city name="Amsterdam">
      <region cfg_ver="1">
        <extra_point_level_reward default_reward="0" />
      </region>
      <region cfg_ver="1">
        <extra_point_level_reward default_reward="0" />
      </region>
      <region cfg_ver="1">
        <level_info>
          <level>
            <sublevel min_wait="40" max_wait="40" min_spawn="4" max_spawn="4" min_density="1.4" max_density="1.4" cfg_ver="2" recommendation="false" difficulty="-2">
              <orders />
              <target type="dishes" count="13" />
            </sublevel>
          </level>
          <kits>
            <kit name="Olives" />
            <kit name="Cheese" />
            <kit name="DutchHerring" />
            <kit name="BeetSalad" />
            <kit name="Kwast" />
          </kits>
          <upgrades>
            <upgrade name="CheeseBoardMachine" value="0" />
            <upgrade name="CheeseRaw" value="1" />
            <upgrade name="GrapeJam" value="1" />
            <upgrade name="Pomegranate" value="1" />
            <upgrade name="Olives" value="1" />
            <upgrade name="HerringMachine" value="0" />
            <upgrade name="HerringRaw" value="1" />
            <upgrade name="BeetSalad" value="1" />
            <upgrade name="Onion" value="1" />
            <upgrade name="Crouton" value="1" />
            <upgrade name="MousseRaw" value="1" />
            <upgrade name="BerryGlaze" value="1" />
            <upgrade name="ChocolateGlaze" value="1" />
            <upgrade name="PeachGlaze" value="1" />
            <upgrade name="FreezerMachine" value="0" />
            <upgrade name="KwastMachine" value="0" />
            <upgrade name="KwastRaw" value="1" />
          </upgrades>
        </level_info>
        <level_info>
          <level>
            <sublevel min_wait="28" max_wait="28" min_spawn="2.2" max_spawn="2.2" min_density="1.9" max_density="1.9" cfg_ver="2" recommendation="false" difficulty="-2">
              <orders />
              <target type="likes" count="13" />
            </sublevel>
          </level>
          <kits>
            <kit name="Pomegranate" />
            <kit name="Olives" />
            <kit name="Cheese" />
            <kit name="DutchHerring" />
            <kit name="BeetSalad" />
            <kit name="Onion" />
            <kit name="MousseDome" />
            <kit name="BerryGlaze" />
            <kit name="Kwast" />
          </kits>
          <upgrades>
            <upgrade name="CheeseBoardMachine" value="1" />
            <upgrade name="CheeseRaw" value="1" />
            <upgrade name="GrapeJam" value="1" />
            <upgrade name="Pomegranate" value="1" />
            <upgrade name="Olives" value="1" />
            <upgrade name="HerringMachine" value="1" />
            <upgrade name="HerringRaw" value="1" />
            <upgrade name="BeetSalad" value="1" />
            <upgrade name="Onion" value="1" />
            <upgrade name="Crouton" value="1" />
            <upgrade name="MousseRaw" value="1" />
            <upgrade name="BerryGlaze" value="1" />
            <upgrade name="ChocolateGlaze" value="1" />
            <upgrade name="PeachGlaze" value="1" />
            <upgrade name="FreezerMachine" value="0" />
            <upgrade name="KwastMachine" value="1" />
            <upgrade name="KwastRaw" value="1" />
          </upgrades>
        </level_info>
        <level_info>
          <level>
            <sublevel min_wait="13" max_wait="13" timer="74" min_density="2.3" max_density="2.3" cfg_ver="2" recommendation="false" difficulty="-2">
              <orders />
              <target type="dishes" count="39" />
              <limit type="not_away_visitors" />
            </sublevel>
          </level>
          <kits>
            <kit name="GrapeJam" />
            <kit name="Pomegranate" />
            <kit name="Olives" />
            <kit name="Cheese" />
            <kit name="DutchHerring" />
            <kit name="BeetSalad" />
            <kit name="Onion" />
            <kit name="MousseDome" />
            <kit name="ChocolateGlaze" />
            <kit name="BerryGlaze" />
            <kit name="Kwast" />
          </kits>
          <upgrades>
            <upgrade name="CheeseBoardMachine" value="2" />
            <upgrade name="CheeseRaw" value="1" />
            <upgrade name="GrapeJam" value="1" />
            <upgrade name="Pomegranate" value="1" />
            <upgrade name="Olives" value="1" />
            <upgrade name="HerringMachine" value="1" />
            <upgrade name="HerringRaw" value="1" />
            <upgrade name="BeetSalad" value="1" />
            <upgrade name="Onion" value="1" />
            <upgrade name="Crouton" value="1" />
            <upgrade name="MousseRaw" value="1" />
            <upgrade name="BerryGlaze" value="1" />
            <upgrade name="ChocolateGlaze" value="1" />
            <upgrade name="PeachGlaze" value="1" />
            <upgrade name="FreezerMachine" value="1" />
            <upgrade name="KwastMachine" value="1" />
            <upgrade name="KwastRaw" value="2" />
          </upgrades>
        </level_info>
        <level_info>
          <level>
            <sublevel max_wait="14" timer="72" min_density="3" cfg_ver="2" recommendation="false" difficulty="-2">
              <orders />
              <target type="likes" count="22" />
              <limit type="not_overcook" />
            </sublevel>
          </level>
          <kits>
            <kit name="GrapeJam" />
            <kit name="Pomegranate" />
            <kit name="Olives" />
            <kit name="Cheese" />
            <kit name="DutchHerring" />
            <kit name="BeetSalad" />
            <kit name="Onion" />
            <kit name="Crouton" />
            <kit name="MousseDome" />
            <kit name="ChocolateGlaze" />
            <kit name="BerryGlaze" />
            <kit name="PeachGlaze" />
            <kit name="Kwast" />
          </kits>
          <upgrades>
            <upgrade name="CheeseBoardMachine" value="2" />
            <upgrade name="CheeseRaw" value="1" />
            <upgrade name="GrapeJam" value="1" />
            <upgrade name="Pomegranate" value="1" />
            <upgrade name="Olives" value="1" />
            <upgrade name="HerringMachine" value="2" />
            <upgrade name="HerringRaw" value="1" />
            <upgrade name="BeetSalad" value="1" />
            <upgrade name="Onion" value="1" />
            <upgrade name="Crouton" value="1" />
            <upgrade name="MousseRaw" value="1" />
            <upgrade name="BerryGlaze" value="1" />
            <upgrade name="ChocolateGlaze" value="1" />
            <upgrade name="PeachGlaze" value="1" />
            <upgrade name="FreezerMachine" value="2" />
            <upgrade name="KwastMachine" value="2" />
            <upgrade name="KwastRaw" value="1" />
          </upgrades>
        </level_info>
        <level_info>
          <level>
            <sublevel min_wait="6" max_wait="6" min_spawn="3.6" max_spawn="3.6" min_density="1.5" max_density="1.5" min_combo_lvl="1" cfg_ver="2" recommendation="false" difficulty="-2">
              <orders />
              <target type="money" count="2930" />
              <limit type="dont_use_trash" />
            </sublevel>
          </level>
          <kits>
            <kit name="GrapeJam" />
            <kit name="Pomegranate" />
            <kit name="Olives" />
            <kit name="Cheese" />
            <kit name="DutchHerring" />
            <kit name="BeetSalad" />
            <kit name="Onion" />
            <kit name="Crouton" />
            <kit name="MousseDome" />
            <kit name="ChocolateGlaze" />
            <kit name="BerryGlaze" />
            <kit name="PeachGlaze" />
            <kit name="Kwast" />
          </kits>
          <upgrades>
            <upgrade name="CheeseBoardMachine" value="2" />
            <upgrade name="CheeseRaw" value="1" />
            <upgrade name="GrapeJam" value="1" />
            <upgrade name="Pomegranate" value="1" />
            <upgrade name="Olives" value="1" />
            <upgrade name="HerringMachine" value="2" />
            <upgrade name="HerringRaw" value="1" />
            <upgrade name="BeetSalad" value="1" />
            <upgrade name="Onion" value="1" />
            <upgrade name="Crouton" value="1" />
            <upgrade name="MousseRaw" value="1" />
            <upgrade name="BerryGlaze" value="1" />
            <upgrade name="ChocolateGlaze" value="1" />
            <upgrade name="PeachGlaze" value="1" />
            <upgrade name="FreezerMachine" value="2" />
            <upgrade name="KwastMachine" value="2" />
            <upgrade name="KwastRaw" value="1" />
          </upgrades>
        </level_info>
        <extra_point_level_reward default_reward="0" />
      </region>
    </city>
    <city name="Singapore">
      <region cfg_ver="1">
        <extra_point_level_reward default_reward="0" />
      </region>
      <region cfg_ver="1">
        <extra_point_level_reward default_reward="0" />
      </region>
      <region cfg_ver="1">
        <level_info>
          <level>
            <sublevel min_wait="46" max_wait="46" min_spawn="5.4" max_spawn="5.4" min_density="1.1" max_density="1.1" cfg_ver="2" recommendation="false" difficulty="-2">
              <orders />
              <target type="dishes" count="7" />
            </sublevel>
          </level>
          <kits>
            <kit name="Crab" />
            <kit name="ChiliCrab" />
            <kit name="BlackPepperCrab" />
            <kit name="MangoSago" />
            <kit name="PinkPomelo" />
            <kit name="Coffee" />
            <kit name="PutuPiring" />
          </kits>
          <upgrades>
            <upgrade name="CoffeeMachine" value="0" />
            <upgrade name="CoffeeRaw" value="1" />
            <upgrade name="Eclairs" value="1" />
            <upgrade name="PutuPiring" value="1" />
            <upgrade name="ChiliSauceBase" value="1" />
            <upgrade name="BlackPepperBase" value="1" />
            <upgrade name="Crab" value="1" />
            <upgrade name="CrabMachine" value="0" />
            <upgrade name="CrabPlate" value="0" />
            <upgrade name="Salat" value="1" />
            <upgrade name="BunsMachine" value="0" />
            <upgrade name="CrabBunsRaw" value="1" />
            <upgrade name="CoconutMilk" value="1" />
            <upgrade name="PinkPomelo" value="1" />
            <upgrade name="MangoSangoRaw" value="1" />
            <upgrade name="MangoSangoMachine" value="0" />
          </upgrades>
        </level_info>
        <level_info>
          <level>
            <sublevel min_wait="26" max_wait="26" timer="58" min_spawn="4" max_spawn="4" min_density="1.7" max_density="1.7" combo="180" cfg_ver="2" recommendation="false" difficulty="-2">
              <orders />
              <target type="money" count="500" />
            </sublevel>
          </level>
          <kits>
            <kit name="Crab" />
            <kit name="ChiliCrab" />
            <kit name="CrabBuns" />
            <kit name="BlackPepperCrab" />
            <kit name="MangoSago" />
            <kit name="PinkPomelo" />
            <kit name="Coffee" />
            <kit name="PutuPiring" />
            <kit name="Eclairs" />
          </kits>
          <upgrades>
            <upgrade name="CoffeeMachine" value="1" />
            <upgrade name="CoffeeRaw" value="1" />
            <upgrade name="Eclairs" value="1" />
            <upgrade name="PutuPiring" value="1" />
            <upgrade name="ChiliSauceBase" value="1" />
            <upgrade name="BlackPepperBase" value="1" />
            <upgrade name="Crab" value="1" />
            <upgrade name="CrabMachine" value="1" />
            <upgrade name="CrabPlate" value="1" />
            <upgrade name="Salat" value="1" />
            <upgrade name="BunsMachine" value="1" />
            <upgrade name="CrabBunsRaw" value="1" />
            <upgrade name="CoconutMilk" value="1" />
            <upgrade name="PinkPomelo" value="1" />
            <upgrade name="MangoSangoRaw" value="1" />
            <upgrade name="MangoSangoMachine" value="1" />
          </upgrades>
        </level_info>
        <level_info>
          <level>
            <sublevel min_wait="18" max_wait="18" min_spawn="3" max_spawn="3" min_density="2.5" max_density="2.5" cfg_ver="2" recommendation="false" difficulty="-2">
              <orders />
              <target type="likes" count="15" />
              <limit type="dont_use_trash" />
            </sublevel>
          </level>
          <kits>
            <kit name="Crab" />
            <kit name="ChiliCrab" />
            <kit name="CrabBuns" />
            <kit name="BlackPepperCrab" />
            <kit name="Salat" />
            <kit name="MangoSago" />
            <kit name="PinkPomelo" />
            <kit name="CoconutMilk" />
            <kit name="Coffee" />
            <kit name="PutuPiring" />
            <kit name="Eclairs" />
          </kits>
          <upgrades>
            <upgrade name="CoffeeMachine" value="1" />
            <upgrade name="CoffeeRaw" value="1" />
            <upgrade name="Eclairs" value="1" />
            <upgrade name="PutuPiring" value="1" />
            <upgrade name="ChiliSauceBase" value="1" />
            <upgrade name="BlackPepperBase" value="1" />
            <upgrade name="Crab" value="1" />
            <upgrade name="CrabMachine" value="2" />
            <upgrade name="CrabPlate" value="2" />
            <upgrade name="Salat" value="1" />
            <upgrade name="BunsMachine" value="1" />
            <upgrade name="CrabBunsRaw" value="1" />
            <upgrade name="CoconutMilk" value="1" />
            <upgrade name="PinkPomelo" value="1" />
            <upgrade name="MangoSangoRaw" value="1" />
            <upgrade name="MangoSangoMachine" value="2" />
          </upgrades>
        </level_info>
        <level_info>
          <level>
            <sublevel min_wait="16" max_wait="16" timer="77" min_density="2.9" max_density="2.9" cfg_ver="2" recommendation="false" difficulty="-2">
              <orders />
              <target type="likes" count="20" />
              <limit type="not_overcook" />
            </sublevel>
          </level>
          <kits>
            <kit name="Crab" />
            <kit name="ChiliCrab" />
            <kit name="BlackPepperCrab" />
            <kit name="CrabBuns" />
            <kit name="Salat" />
            <kit name="MangoSago" />
            <kit name="PinkPomelo" />
            <kit name="CoconutMilk" />
            <kit name="Coffee" />
            <kit name="PutuPiring" />
            <kit name="Eclairs" />
          </kits>
          <upgrades>
            <upgrade name="CoffeeMachine" value="2" />
            <upgrade name="CoffeeRaw" value="1" />
            <upgrade name="Eclairs" value="1" />
            <upgrade name="PutuPiring" value="1" />
            <upgrade name="ChiliSauceBase" value="1" />
            <upgrade name="BlackPepperBase" value="1" />
            <upgrade name="Crab" value="1" />
            <upgrade name="CrabMachine" value="2" />
            <upgrade name="CrabPlate" value="2" />
            <upgrade name="Salat" value="1" />
            <upgrade name="BunsMachine" value="2" />
            <upgrade name="CrabBunsRaw" value="1" />
            <upgrade name="CoconutMilk" value="1" />
            <upgrade name="PinkPomelo" value="1" />
            <upgrade name="MangoSangoRaw" value="1" />
            <upgrade name="MangoSangoMachine" value="2" />
          </upgrades>
        </level_info>
        <level_info>
          <level>
            <sublevel min_wait="18" max_wait="18" timer="84" min_density="2.8" max_density="2.8" cfg_ver="2" recommendation="false" difficulty="-2">
              <orders />
              <target type="dishes" count="57" />
              <limit type="dont_use_trash" />
            </sublevel>
          </level>
          <kits>
            <kit name="Crab" />
            <kit name="ChiliCrab" />
            <kit name="BlackPepperCrab" />
            <kit name="CrabBuns" />
            <kit name="Salat" />
            <kit name="MangoSago" />
            <kit name="PinkPomelo" />
            <kit name="CoconutMilk" />
            <kit name="Coffee" />
            <kit name="PutuPiring" />
            <kit name="Eclairs" />
          </kits>
          <upgrades>
            <upgrade name="CoffeeMachine" value="2" />
            <upgrade name="CoffeeRaw" value="1" />
            <upgrade name="Eclairs" value="1" />
            <upgrade name="PutuPiring" value="1" />
            <upgrade name="ChiliSauceBase" value="1" />
            <upgrade name="BlackPepperBase" value="1" />
            <upgrade name="Crab" value="1" />
            <upgrade name="CrabMachine" value="2" />
            <upgrade name="CrabPlate" value="2" />
            <upgrade name="Salat" value="1" />
            <upgrade name="BunsMachine" value="2" />
            <upgrade name="CrabBunsRaw" value="1" />
            <upgrade name="CoconutMilk" value="1" />
            <upgrade name="PinkPomelo" value="1" />
            <upgrade name="MangoSangoRaw" value="1" />
            <upgrade name="MangoSangoMachine" value="2" />
          </upgrades>
        </level_info>
        <extra_point_level_reward default_reward="0" />
      </region>
    </city>
    <city name="Paris">
      <region cfg_ver="1">
        <extra_point_level_reward default_reward="0" />
      </region>
      <region cfg_ver="1">
        <extra_point_level_reward default_reward="0" />
      </region>
      <region cfg_ver="1">
        <level_info>
          <level>
            <sublevel min_wait="35" max_wait="35" min_spawn="4.5" max_spawn="4.5" min_density="1.3" max_density="1.3" cfg_ver="2" recommendation="false" difficulty="-2">
              <orders />
              <target type="dishes" count="11" />
            </sublevel>
          </level>
          <kits>
            <kit name="Juice" />
            <kit name="Confit" />
            <kit name="Potato" />
            <kit name="Tartar" />
            <kit name="Avocado" />
          </kits>
          <upgrades>
            <upgrade name="JuiceMachine" value="0" />
            <upgrade name="ConfitPan" value="0" />
            <upgrade name="TartarFridge" value="0" />
            <upgrade name="JuiceRaw" value="2" />
            <upgrade name="ConfitRaw" value="2" />
            <upgrade name="PlateConfit" value="0" />
            <upgrade name="TartarRaw" value="2" />
            <upgrade name="PlateTartar" value="0" />
            <upgrade name="Potato" value="2" />
            <upgrade name="Beans" value="2" />
            <upgrade name="Caviar" value="2" />
            <upgrade name="Avocado" value="2" />
            <upgrade name="Cheese" value="2" />
            <upgrade name="FigJam" value="2" />
            <upgrade name="Grapes" value="2" />
          </upgrades>
        </level_info>
        <level_info>
          <level>
            <sublevel min_wait="13" max_wait="13" min_spawn="3" max_spawn="3" min_density="2.1" max_density="2.1" min_combo_lvl="0.6" max_combo_lvl="0.6" cfg_ver="2" recommendation="false" difficulty="-2">
              <orders />
              <target type="money" count="1700" />
            </sublevel>
          </level>
          <kits>
            <kit name="Juice" />
            <kit name="Confit" />
            <kit name="Potato" />
            <kit name="Tartar" />
            <kit name="Avocado" />
            <kit name="CheesePlate" />
            <kit name="Cheese" />
            <kit name="Grapes" />
          </kits>
          <upgrades>
            <upgrade name="JuiceMachine" value="1" />
            <upgrade name="ConfitPan" value="1" />
            <upgrade name="TartarFridge" value="1" />
            <upgrade name="JuiceRaw" value="2" />
            <upgrade name="ConfitRaw" value="2" />
            <upgrade name="PlateConfit" value="1" />
            <upgrade name="TartarRaw" value="2" />
            <upgrade name="PlateTartar" value="1" />
            <upgrade name="Potato" value="2" />
            <upgrade name="Beans" value="2" />
            <upgrade name="Caviar" value="2" />
            <upgrade name="Avocado" value="2" />
            <upgrade name="Cheese" value="2" />
            <upgrade name="FigJam" value="2" />
            <upgrade name="Grapes" value="2" />
          </upgrades>
        </level_info>
        <level_info>
          <level>
            <sublevel min_wait="15" max_wait="15" min_spawn="2.8" max_spawn="2.8" min_density="2.6" max_density="2.6" cfg_ver="2" recommendation="false" difficulty="-2">
              <orders />
              <target type="likes" count="20" />
              <limit type="not_overcook" />
            </sublevel>
          </level>
          <kits>
            <kit name="Juice" />
            <kit name="Confit" />
            <kit name="Potato" />
            <kit name="Beans" />
            <kit name="Tartar" />
            <kit name="Avocado" />
            <kit name="CheesePlate" />
            <kit name="Cheese" />
            <kit name="FigJam" />
            <kit name="Grapes" />
          </kits>
          <upgrades>
            <upgrade name="JuiceMachine" value="1" />
            <upgrade name="ConfitPan" value="1" />
            <upgrade name="TartarFridge" value="1" />
            <upgrade name="JuiceRaw" value="2" />
            <upgrade name="ConfitRaw" value="2" />
            <upgrade name="PlateConfit" value="1" />
            <upgrade name="TartarRaw" value="2" />
            <upgrade name="PlateTartar" value="1" />
            <upgrade name="Potato" value="2" />
            <upgrade name="Beans" value="2" />
            <upgrade name="Caviar" value="2" />
            <upgrade name="Avocado" value="2" />
            <upgrade name="Cheese" value="2" />
            <upgrade name="FigJam" value="2" />
            <upgrade name="Grapes" value="2" />
          </upgrades>
        </level_info>
        <level_info>
          <level>
            <sublevel min_wait="12" max_wait="12" timer="61" min_density="2.4" max_density="2.4" cfg_ver="2" recommendation="false" difficulty="-2">
              <orders />
              <target type="dishes" count="60" />
              <limit type="not_overcook" />
            </sublevel>
          </level>
          <kits>
            <kit name="Juice" />
            <kit name="Confit" />
            <kit name="Potato" />
            <kit name="Beans" />
            <kit name="Tartar" />
            <kit name="Caviar" />
            <kit name="Avocado" />
            <kit name="CheesePlate" />
            <kit name="Cheese" />
            <kit name="FigJam" />
            <kit name="Grapes" />
          </kits>
          <upgrades>
            <upgrade name="JuiceMachine" value="2" />
            <upgrade name="ConfitPan" value="2" />
            <upgrade name="TartarFridge" value="2" />
            <upgrade name="JuiceRaw" value="2" />
            <upgrade name="ConfitRaw" value="2" />
            <upgrade name="PlateConfit" value="2" />
            <upgrade name="TartarRaw" value="2" />
            <upgrade name="PlateTartar" value="2" />
            <upgrade name="Potato" value="2" />
            <upgrade name="Beans" value="2" />
            <upgrade name="Caviar" value="2" />
            <upgrade name="Avocado" value="2" />
            <upgrade name="Cheese" value="2" />
            <upgrade name="FigJam" value="2" />
            <upgrade name="Grapes" value="2" />
          </upgrades>
        </level_info>
        <level_info>
          <level>
            <sublevel min_wait="10" max_wait="10" timer="80" min_density="3" cfg_ver="2" recommendation="false" difficulty="-2">
              <orders />
              <target type="likes" count="25" />
              <limit type="dont_use_trash" />
            </sublevel>
          </level>
          <kits>
            <kit name="Juice" />
            <kit name="Confit" />
            <kit name="Potato" />
            <kit name="Beans" />
            <kit name="Tartar" />
            <kit name="Caviar" />
            <kit name="Avocado" />
            <kit name="CheesePlate" />
            <kit name="Cheese" />
            <kit name="FigJam" />
            <kit name="Grapes" />
          </kits>
          <upgrades>
            <upgrade name="JuiceMachine" value="2" />
            <upgrade name="ConfitPan" value="2" />
            <upgrade name="TartarFridge" value="2" />
            <upgrade name="JuiceRaw" value="2" />
            <upgrade name="ConfitRaw" value="2" />
            <upgrade name="PlateConfit" value="2" />
            <upgrade name="TartarRaw" value="2" />
            <upgrade name="PlateTartar" value="2" />
            <upgrade name="Potato" value="2" />
            <upgrade name="Beans" value="2" />
            <upgrade name="Caviar" value="2" />
            <upgrade name="Avocado" value="2" />
            <upgrade name="Cheese" value="2" />
            <upgrade name="FigJam" value="2" />
            <upgrade name="Grapes" value="2" />
          </upgrades>
        </level_info>
        <extra_point_level_reward default_reward="0" />
      </region>
    </city>
    <city name="Rio">
      <region cfg_ver="1">
        <extra_point_level_reward default_reward="0" />
      </region>
      <region cfg_ver="1">
        <extra_point_level_reward default_reward="0" />
      </region>
      <region cfg_ver="1">
        <level_info>
          <level>
            <sublevel min_wait="30" max_wait="30" min_spawn="4.5" max_spawn="4.5" min_density="1.2" max_density="1.2" cfg_ver="2" recommendation="false" difficulty="-2">
              <orders />
              <target type="dishes" count="15" />
            </sublevel>
          </level>
          <kits>
            <kit name="Vatapa" />
            <kit name="Bakalyau" />
            <kit name="Coffee" />
            <kit name="Mousse" />
            <kit name="Shrimp" />
          </kits>
          <upgrades>
            <upgrade name="VatapaPan" value="1" />
            <upgrade name="BakalyauPan" value="1" />
            <upgrade name="CoffeeMachine" value="0" />
            <upgrade name="MousseMachine" value="0" />
            <upgrade name="PlateVatapa" value="1" />
            <upgrade name="PlateBakalyau" value="1" />
            <upgrade name="BakalyauRaw" value="1" />
            <upgrade name="VatapaRaw" value="1" />
            <upgrade name="CoffeeRaw" value="1" />
            <upgrade name="MousseRaw" value="1" />
            <upgrade name="Shrimp" value="1" />
            <upgrade name="Lime" value="1" />
            <upgrade name="Parsley" value="1" />
            <upgrade name="Pepper" value="1" />
            <upgrade name="Potato" value="1" />
          </upgrades>
        </level_info>
        <level_info>
          <level>
            <sublevel max_wait="14" min_spawn="3.5" max_spawn="3.5" min_density="2" max_density="2" min_combo_lvl="0.65" max_combo_lvl="0.65" cfg_ver="2" recommendation="false" difficulty="-2">
              <orders />
              <target type="money" count="1000" />
            </sublevel>
          </level>
          <kits>
            <kit name="Vatapa" />
            <kit name="Bakalyau" />
            <kit name="Coffee" />
            <kit name="Mousse" />
            <kit name="Lime" />
            <kit name="Shrimp" />
          </kits>
          <upgrades>
            <upgrade name="VatapaPan" value="1" />
            <upgrade name="BakalyauPan" value="1" />
            <upgrade name="CoffeeMachine" value="1" />
            <upgrade name="MousseMachine" value="1" />
            <upgrade name="PlateVatapa" value="1" />
            <upgrade name="PlateBakalyau" value="1" />
            <upgrade name="BakalyauRaw" value="1" />
            <upgrade name="VatapaRaw" value="1" />
            <upgrade name="CoffeeRaw" value="1" />
            <upgrade name="MousseRaw" value="1" />
            <upgrade name="Shrimp" value="1" />
            <upgrade name="Lime" value="1" />
            <upgrade name="Parsley" value="1" />
            <upgrade name="Pepper" value="1" />
            <upgrade name="Potato" value="1" />
          </upgrades>
        </level_info>
        <level_info>
          <level>
            <sublevel min_wait="16" max_wait="16" timer="63" min_density="2.6" max_density="2.6" cfg_ver="2" recommendation="false" difficulty="-2">
              <orders />
              <target type="likes" count="18" />
              <limit type="dont_use_trash" />
            </sublevel>
          </level>
          <kits>
            <kit name="Vatapa" />
            <kit name="Bakalyau" />
            <kit name="Coffee" />
            <kit name="Mousse" />
            <kit name="Potato" />
            <kit name="Shrimp" />
            <kit name="Lime" />
            <kit name="Pepper" />
          </kits>
          <upgrades>
            <upgrade name="VatapaPan" value="2" />
            <upgrade name="BakalyauPan" value="1" />
            <upgrade name="CoffeeMachine" value="2" />
            <upgrade name="MousseMachine" value="1" />
            <upgrade name="PlateVatapa" value="2" />
            <upgrade name="PlateBakalyau" value="1" />
            <upgrade name="BakalyauRaw" value="1" />
            <upgrade name="VatapaRaw" value="1" />
            <upgrade name="CoffeeRaw" value="1" />
            <upgrade name="MousseRaw" value="1" />
            <upgrade name="Shrimp" value="1" />
            <upgrade name="Lime" value="1" />
            <upgrade name="Parsley" value="1" />
            <upgrade name="Pepper" value="1" />
            <upgrade name="Potato" value="1" />
          </upgrades>
        </level_info>
        <level_info>
          <level>
            <sublevel min_wait="13" max_wait="13" timer="54" min_density="3" cfg_ver="2" recommendation="false" difficulty="-2">
              <orders />
              <target type="likes" count="20" />
              <limit type="not_overcook" />
            </sublevel>
          </level>
          <kits>
            <kit name="Vatapa" />
            <kit name="Bakalyau" />
            <kit name="Coffee" />
            <kit name="Mousse" />
            <kit name="Potato" />
            <kit name="Shrimp" />
            <kit name="Lime" />
            <kit name="Pepper" />
            <kit name="Parsley" />
          </kits>
          <upgrades>
            <upgrade name="VatapaPan" value="2" />
            <upgrade name="BakalyauPan" value="2" />
            <upgrade name="CoffeeMachine" value="2" />
            <upgrade name="MousseMachine" value="2" />
            <upgrade name="PlateVatapa" value="2" />
            <upgrade name="PlateBakalyau" value="2" />
            <upgrade name="BakalyauRaw" value="1" />
            <upgrade name="VatapaRaw" value="1" />
            <upgrade name="CoffeeRaw" value="1" />
            <upgrade name="MousseRaw" value="1" />
            <upgrade name="Shrimp" value="1" />
            <upgrade name="Lime" value="1" />
            <upgrade name="Parsley" value="1" />
            <upgrade name="Pepper" value="1" />
            <upgrade name="Potato" value="1" />
          </upgrades>
        </level_info>
        <level_info>
          <level>
            <sublevel min_wait="7" max_wait="7" timer="51" min_density="3" cfg_ver="2" recommendation="false" difficulty="-2">
              <orders />
              <target type="dishes" count="53" />
              <limit type="dont_use_trash" />
            </sublevel>
          </level>
          <kits>
            <kit name="Vatapa" />
            <kit name="Bakalyau" />
            <kit name="Coffee" />
            <kit name="Mousse" />
            <kit name="Potato" />
            <kit name="Shrimp" />
            <kit name="Lime" />
            <kit name="Pepper" />
            <kit name="Parsley" />
          </kits>
          <upgrades>
            <upgrade name="VatapaPan" value="2" />
            <upgrade name="BakalyauPan" value="2" />
            <upgrade name="CoffeeMachine" value="2" />
            <upgrade name="MousseMachine" value="2" />
            <upgrade name="PlateVatapa" value="2" />
            <upgrade name="PlateBakalyau" value="2" />
            <upgrade name="BakalyauRaw" value="1" />
            <upgrade name="VatapaRaw" value="1" />
            <upgrade name="CoffeeRaw" value="1" />
            <upgrade name="MousseRaw" value="1" />
            <upgrade name="Shrimp" value="1" />
            <upgrade name="Lime" value="1" />
            <upgrade name="Parsley" value="1" />
            <upgrade name="Pepper" value="1" />
            <upgrade name="Potato" value="1" />
          </upgrades>
        </level_info>
        <extra_point_level_reward default_reward="0" />
      </region>
    </city>
    <city name="Tokyo">
      <region cfg_ver="1">
        <extra_point_level_reward default_reward="0" />
      </region>
      <region cfg_ver="1">
        <extra_point_level_reward default_reward="0" />
      </region>
      <region cfg_ver="1">
        <level_info>
          <level>
            <sublevel min_wait="35" max_wait="35" min_spawn="5" max_spawn="5" min_density="1.3" max_density="1.3" cfg_ver="2" recommendation="false" difficulty="-2">
              <orders />
              <target type="dishes" count="12" />
            </sublevel>
          </level>
          <kits>
            <kit name="Mate" />
            <kit name="Sashimi" />
            <kit name="Sauce" />
            <kit name="ScatteredSushi" />
            <kit name="Lobster" />
          </kits>
          <upgrades>
            <upgrade name="ShrimpRaw" value="1" />
            <upgrade name="ShrimpGrill" value="0" />
            <upgrade name="Celery" value="1" />
            <upgrade name="MateRaw" value="1" />
            <upgrade name="MateMachine" value="0" />
            <upgrade name="SashimiFuguRaw" value="1" />
            <upgrade name="SashimiTunaRaw" value="1" />
            <upgrade name="SashimiEelRaw" value="1" />
            <upgrade name="Daikon" value="1" />
            <upgrade name="Sauce" value="1" />
            <upgrade name="Wasabi" value="1" />
            <upgrade name="SashimiBoard" value="0" />
            <upgrade name="SashimiPlate" value="0" />
            <upgrade name="SushiRiceRaw" value="1" />
            <upgrade name="ScatteredSushiPlate" value="0" />
            <upgrade name="SushiRicePan" value="0" />
            <upgrade name="Lobster" value="1" />
            <upgrade name="Caviar" value="1" />
            <upgrade name="Chukka" value="1" />
          </upgrades>
        </level_info>
        <level_info>
          <level>
            <sublevel min_wait="25" max_wait="25" min_spawn="2.7" max_spawn="2.7" min_density="2" max_density="2" cfg_ver="2" recommendation="false" difficulty="-2">
              <orders />
              <target type="likes" count="11" />
            </sublevel>
          </level>
          <kits>
            <kit name="Mate" />
            <kit name="Shrimp" />
            <kit name="Sashimi" />
            <kit name="Sauce" />
            <kit name="Wasabi" />
            <kit name="ScatteredSushi" />
            <kit name="Lobster" />
          </kits>
          <upgrades>
            <upgrade name="ShrimpRaw" value="1" />
            <upgrade name="ShrimpGrill" value="0" />
            <upgrade name="Celery" value="1" />
            <upgrade name="MateRaw" value="1" />
            <upgrade name="MateMachine" value="1" />
            <upgrade name="SashimiFuguRaw" value="1" />
            <upgrade name="SashimiTunaRaw" value="1" />
            <upgrade name="SashimiEelRaw" value="1" />
            <upgrade name="Daikon" value="1" />
            <upgrade name="Sauce" value="1" />
            <upgrade name="Wasabi" value="1" />
            <upgrade name="SashimiBoard" value="1" />
            <upgrade name="SashimiPlate" value="1" />
            <upgrade name="SushiRiceRaw" value="1" />
            <upgrade name="ScatteredSushiPlate" value="1" />
            <upgrade name="SushiRicePan" value="1" />
            <upgrade name="Lobster" value="1" />
            <upgrade name="Caviar" value="1" />
            <upgrade name="Chukka" value="1" />
          </upgrades>
        </level_info>
        <level_info>
          <level>
            <sublevel min_wait="19" max_wait="19" min_spawn="3.5" max_spawn="3.5" min_density="2.2" max_density="2.2" min_combo_lvl="0.9" max_combo_lvl="0.9" cfg_ver="2" recommendation="false" difficulty="-2">
              <orders />
              <target type="money" count="1500" />
              <limit type="not_overcook" />
            </sublevel>
          </level>
          <kits>
            <kit name="Mate" />
            <kit name="Shrimp" />
            <kit name="Sashimi" />
            <kit name="Daikon" />
            <kit name="Sauce" />
            <kit name="Wasabi" />
            <kit name="ScatteredSushi" />
            <kit name="Lobster" />
            <kit name="Chukka" />
          </kits>
          <upgrades>
            <upgrade name="ShrimpRaw" value="1" />
            <upgrade name="ShrimpGrill" value="1" />
            <upgrade name="Celery" value="1" />
            <upgrade name="MateRaw" value="1" />
            <upgrade name="MateMachine" value="2" />
            <upgrade name="SashimiFuguRaw" value="1" />
            <upgrade name="SashimiTunaRaw" value="1" />
            <upgrade name="SashimiEelRaw" value="1" />
            <upgrade name="Daikon" value="1" />
            <upgrade name="Sauce" value="1" />
            <upgrade name="Wasabi" value="1" />
            <upgrade name="SashimiBoard" value="2" />
            <upgrade name="SashimiPlate" value="2" />
            <upgrade name="SushiRiceRaw" value="1" />
            <upgrade name="ScatteredSushiPlate" value="1" />
            <upgrade name="SushiRicePan" value="1" />
            <upgrade name="Lobster" value="1" />
            <upgrade name="Caviar" value="1" />
            <upgrade name="Chukka" value="1" />
          </upgrades>
        </level_info>
        <level_info>
          <level>
            <sublevel min_wait="10" max_wait="10" timer="73" min_density="2.7" max_density="2.7" cfg_ver="2" recommendation="false" difficulty="-2">
              <orders />
              <target type="dishes" count="55" />
              <limit type="not_overcook" />
            </sublevel>
          </level>
          <kits>
            <kit name="Mate" />
            <kit name="Shrimp" />
            <kit name="Celery" />
            <kit name="Sashimi" />
            <kit name="Daikon" />
            <kit name="Sauce" />
            <kit name="Wasabi" />
            <kit name="ScatteredSushi" />
            <kit name="Lobster" />
            <kit name="Caviar" />
            <kit name="Chukka" />
          </kits>
          <upgrades>
            <upgrade name="ShrimpRaw" value="1" />
            <upgrade name="ShrimpGrill" value="2" />
            <upgrade name="Celery" value="1" />
            <upgrade name="MateRaw" value="1" />
            <upgrade name="MateMachine" value="2" />
            <upgrade name="SashimiFuguRaw" value="1" />
            <upgrade name="SashimiTunaRaw" value="1" />
            <upgrade name="SashimiEelRaw" value="1" />
            <upgrade name="Daikon" value="1" />
            <upgrade name="Sauce" value="1" />
            <upgrade name="Wasabi" value="1" />
            <upgrade name="SashimiBoard" value="2" />
            <upgrade name="SashimiPlate" value="2" />
            <upgrade name="SushiRiceRaw" value="1" />
            <upgrade name="ScatteredSushiPlate" value="2" />
            <upgrade name="SushiRicePan" value="2" />
            <upgrade name="Lobster" value="1" />
            <upgrade name="Caviar" value="1" />
            <upgrade name="Chukka" value="1" />
          </upgrades>
        </level_info>
        <level_info>
          <level>
            <sublevel min_wait="10" max_wait="10" min_spawn="1.6" max_spawn="1.6" min_density="3" cfg_ver="2" recommendation="false" difficulty="-2">
              <orders />
              <target type="likes" count="27" />
              <limit type="dont_use_trash" />
            </sublevel>
          </level>
          <kits>
            <kit name="Mate" />
            <kit name="Shrimp" />
            <kit name="Celery" />
            <kit name="Sashimi" />
            <kit name="Daikon" />
            <kit name="Sauce" />
            <kit name="Wasabi" />
            <kit name="ScatteredSushi" />
            <kit name="Lobster" />
            <kit name="Caviar" />
            <kit name="Chukka" />
          </kits>
          <upgrades>
            <upgrade name="ShrimpRaw" value="1" />
            <upgrade name="ShrimpGrill" value="2" />
            <upgrade name="Celery" value="1" />
            <upgrade name="MateRaw" value="1" />
            <upgrade name="MateMachine" value="2" />
            <upgrade name="SashimiFuguRaw" value="1" />
            <upgrade name="SashimiTunaRaw" value="1" />
            <upgrade name="SashimiEelRaw" value="1" />
            <upgrade name="Daikon" value="1" />
            <upgrade name="Sauce" value="1" />
            <upgrade name="Wasabi" value="1" />
            <upgrade name="SashimiBoard" value="2" />
            <upgrade name="SashimiPlate" value="2" />
            <upgrade name="SushiRiceRaw" value="1" />
            <upgrade name="ScatteredSushiPlate" value="2" />
            <upgrade name="SushiRicePan" value="2" />
            <upgrade name="Lobster" value="1" />
            <upgrade name="Caviar" value="1" />
            <upgrade name="Chukka" value="1" />
          </upgrades>
        </level_info>
        <extra_point_level_reward default_reward="0" />
      </region>
    </city>
  </cities>
</root>