<?xml version="1.0" encoding="utf-8"?>
<root>
  <common unlock_level="((NewYork,1),15)" />
  <events>
    <event name="foodCourt_CapeTown_163" start="2025-02-07 19-00" duration="48">
      <region value="(CapeTown,0)" />
      <region value="(CapeTown,1)" />
      <region value="(CapeTown,2)" />
      <reward_level value="5" immortality="15">
        <reward>
          <chest_ticket name="Bronze" value="100" />
          <chest_ticket name="Silver" value="25" />
        </reward>
      </reward_level>
      <reward_level value="10" immortality="20">
        <reward>
          <chest_ticket name="Silver" value="50" />
          <chest_ticket name="Golden" value="20" />
        </reward>
      </reward_level>
      <reward_level value="15" immortality="30">
        <reward>
          <booster name="AdvComp" value="1" />
          <chest_ticket name="Golden" value="25" />
          <chest_ticket name="Diamond" value="10" />
        </reward>
      </reward_level>
    </event>
    <event name="foodCourt_Toronto_164" start="2025-02-21 19-00" duration="48">
      <region value="(Toronto,0)" />
      <region value="(Toronto,1)" />
      <region value="(Toronto,2)" />
      <reward_level value="5" immortality="15">
        <reward>
          <chest_ticket name="Bronze" value="100" />
          <chest_ticket name="Silver" value="25" />
        </reward>
      </reward_level>
      <reward_level value="10" immortality="20">
        <reward>
          <chest_ticket name="Silver" value="50" />
          <chest_ticket name="Golden" value="20" />
        </reward>
      </reward_level>
      <reward_level value="15" immortality="30">
        <reward>
          <booster name="AdvComp" value="1" />
          <chest_ticket name="Golden" value="25" />
          <chest_ticket name="Diamond" value="10" />
        </reward>
      </reward_level>
    </event>
    <event name="foodCourt_Sydney_165" start="2025-03-07 19-00" duration="48">
      <region value="(Sydney,0)" />
      <region value="(Sydney,1)" />
      <region value="(Sydney,2)" />
      <reward_level value="5" immortality="15">
        <reward>
          <chest_ticket name="Bronze" value="100" />
          <chest_ticket name="Silver" value="25" />
        </reward>
      </reward_level>
      <reward_level value="10" immortality="20">
        <reward>
          <chest_ticket name="Silver" value="50" />
          <chest_ticket name="Golden" value="20" />
        </reward>
      </reward_level>
      <reward_level value="15" immortality="30">
        <reward>
          <booster name="AdvComp" value="1" />
          <chest_ticket name="Golden" value="25" />
          <chest_ticket name="Diamond" value="10" />
        </reward>
      </reward_level>
    </event>
  </events>
  <cities>
    <city name="CapeTown">
      <region cfg_ver="1">
        <level_info>
          <level>
            <sublevel min_wait="18" max_wait="18" min_spawn="3.7" max_spawn="3.7" min_density="1.5" max_density="1.5" min_combo_lvl="0.35" max_combo_lvl="0.35" cfg_ver="2" recommendation="false" difficulty="-2">
              <orders />
              <target type="money" count="350" />
            </sublevel>
          </level>
          <kits>
            <kit name="BunnyChow" />
            <kit name="MieliePap" />
            <kit name="Meatballs" />
            <kit name="Sausages" />
            <kit name="Tomatoes" />
          </kits>
          <upgrades>
            <upgrade name="MaasMachine" value="0" />
            <upgrade name="MaasRaw" value="1" />
            <upgrade name="KoeksistersMachine" value="1" />
            <upgrade name="KoeksistersRaw" value="1" />
            <upgrade name="BunnyChowMachine" value="1" />
            <upgrade name="BunnyChowRaw" value="1" />
            <upgrade name="BunnyChowPlate" value="1" />
            <upgrade name="Bead" value="1" />
            <upgrade name="Carrots" value="1" />
            <upgrade name="Lettuce" value="1" />
            <upgrade name="Tomatoes" value="1" />
            <upgrade name="MieliePap" value="1" />
            <upgrade name="Meatballs" value="1" />
            <upgrade name="Sausages" value="1" />
            <upgrade name="Chakalaka" value="1" />
          </upgrades>
        </level_info>
        <level_info>
          <level>
            <sublevel min_wait="21" max_wait="21" timer="84" min_density="2.2" max_density="2.2" cfg_ver="2" recommendation="false" difficulty="-2">
              <orders />
              <target type="dishes" count="46" />
              <limit type="not_away_visitors" />
            </sublevel>
          </level>
          <kits>
            <kit name="Maas" />
            <kit name="BunnyChow" />
            <kit name="Tomatoes" />
            <kit name="MieliePap" />
            <kit name="Meatballs" />
            <kit name="Sausages" />
            <kit name="Koeksisters" />
          </kits>
          <upgrades>
            <upgrade name="MaasMachine" value="0" />
            <upgrade name="MaasRaw" value="1" />
            <upgrade name="KoeksistersMachine" value="1" />
            <upgrade name="KoeksistersRaw" value="1" />
            <upgrade name="BunnyChowMachine" value="1" />
            <upgrade name="BunnyChowRaw" value="1" />
            <upgrade name="BunnyChowPlate" value="1" />
            <upgrade name="Bead" value="1" />
            <upgrade name="Carrots" value="1" />
            <upgrade name="Lettuce" value="1" />
            <upgrade name="Tomatoes" value="1" />
            <upgrade name="MieliePap" value="1" />
            <upgrade name="Meatballs" value="1" />
            <upgrade name="Sausages" value="1" />
            <upgrade name="Chakalaka" value="1" />
          </upgrades>
        </level_info>
        <level_info>
          <level>
            <sublevel min_wait="15" max_wait="15" min_spawn="2.6" max_spawn="2.6" min_density="2.6" max_density="2.6" min_combo_lvl="0.95" max_combo_lvl="0.95" cfg_ver="2" recommendation="false" difficulty="-2">
              <orders />
              <target type="money" count="680" />
              <limit type="dont_use_trash" />
            </sublevel>
          </level>
          <kits>
            <kit name="Maas" />
            <kit name="Koeksisters" />
            <kit name="BunnyChow" />
            <kit name="Tomatoes" />
            <kit name="MieliePap" />
            <kit name="Meatballs" />
            <kit name="Sausages" />
            <kit name="Chakalaka" />
            <kit name="Lettuce" />
          </kits>
          <upgrades>
            <upgrade name="MaasMachine" value="1" />
            <upgrade name="MaasRaw" value="1" />
            <upgrade name="KoeksistersMachine" value="1" />
            <upgrade name="KoeksistersRaw" value="1" />
            <upgrade name="BunnyChowMachine" value="1" />
            <upgrade name="BunnyChowRaw" value="1" />
            <upgrade name="BunnyChowPlate" value="1" />
            <upgrade name="Bead" value="1" />
            <upgrade name="Carrots" value="1" />
            <upgrade name="Lettuce" value="1" />
            <upgrade name="Tomatoes" value="1" />
            <upgrade name="MieliePap" value="1" />
            <upgrade name="Meatballs" value="1" />
            <upgrade name="Sausages" value="1" />
            <upgrade name="Chakalaka" value="1" />
          </upgrades>
        </level_info>
        <level_info>
          <level>
            <sublevel min_wait="15" max_wait="15" timer="87" min_density="2.7" max_density="2.7" cfg_ver="2" recommendation="false" difficulty="-2">
              <orders />
              <target type="likes" count="24" />
              <limit type="dont_use_trash" />
            </sublevel>
          </level>
          <kits>
            <kit name="Maas" />
            <kit name="Koeksisters" />
            <kit name="BunnyChow" />
            <kit name="Tomatoes" />
            <kit name="MieliePap" />
            <kit name="Meatballs" />
            <kit name="Sausages" />
            <kit name="Chakalaka" />
            <kit name="Carrots" />
          </kits>
          <upgrades>
            <upgrade name="MaasMachine" value="2" />
            <upgrade name="MaasRaw" value="1" />
            <upgrade name="KoeksistersMachine" value="2" />
            <upgrade name="KoeksistersRaw" value="1" />
            <upgrade name="BunnyChowMachine" value="2" />
            <upgrade name="BunnyChowRaw" value="1" />
            <upgrade name="BunnyChowPlate" value="2" />
            <upgrade name="Bead" value="1" />
            <upgrade name="Carrots" value="1" />
            <upgrade name="Lettuce" value="1" />
            <upgrade name="Tomatoes" value="1" />
            <upgrade name="MieliePap" value="1" />
            <upgrade name="Meatballs" value="1" />
            <upgrade name="Sausages" value="1" />
            <upgrade name="Chakalaka" value="1" />
          </upgrades>
        </level_info>
        <level_info>
          <level>
            <sublevel min_wait="9" max_wait="9" timer="85" min_density="3" cfg_ver="2" recommendation="false" difficulty="-2">
              <orders />
              <target type="dishes" count="64" />
              <limit type="not_overcook" />
            </sublevel>
          </level>
          <kits>
            <kit name="Maas" />
            <kit name="Koeksisters" />
            <kit name="BunnyChow" />
            <kit name="Lettuce" />
            <kit name="Tomatoes" />
            <kit name="MieliePap" />
            <kit name="Meatballs" />
            <kit name="Sausages" />
            <kit name="Chakalaka" />
            <kit name="Carrots" />
          </kits>
          <upgrades>
            <upgrade name="MaasMachine" value="2" />
            <upgrade name="MaasRaw" value="1" />
            <upgrade name="KoeksistersMachine" value="2" />
            <upgrade name="KoeksistersRaw" value="1" />
            <upgrade name="BunnyChowMachine" value="2" />
            <upgrade name="BunnyChowRaw" value="1" />
            <upgrade name="BunnyChowPlate" value="2" />
            <upgrade name="Bead" value="1" />
            <upgrade name="Carrots" value="1" />
            <upgrade name="Lettuce" value="1" />
            <upgrade name="Tomatoes" value="1" />
            <upgrade name="MieliePap" value="1" />
            <upgrade name="Meatballs" value="1" />
            <upgrade name="Sausages" value="1" />
            <upgrade name="Chakalaka" value="1" />
          </upgrades>
        </level_info>
        <extra_point_level_reward default_reward="0" />
      </region>
      <region cfg_ver="1">
        <level_info>
          <level>
            <sublevel min_wait="20" max_wait="20" min_spawn="3.2" max_spawn="3.2" min_density="1.6" max_density="1.6" cfg_ver="2" recommendation="false" difficulty="-2">
              <orders />
              <target type="likes" count="14" />
            </sublevel>
          </level>
          <kits>
            <kit name="Tea" />
            <kit name="Soup" />
            <kit name="CornBread" />
            <kit name="Sosaties" />
            <kit name="Onion" />
            <kit name="Apricot" />
          </kits>
          <upgrades>
            <upgrade name="TeaMachine" value="1" />
            <upgrade name="TeaRaw" value="1" />
            <upgrade name="MarshmallowMachine" value="0" />
            <upgrade name="MarshmallowRaw" value="1" />
            <upgrade name="SoupMachine" value="0" />
            <upgrade name="CornBread" value="1" />
            <upgrade name="Rice" value="1" />
            <upgrade name="SoupPlate" value="0" />
            <upgrade name="SoupRaw" value="1" />
            <upgrade name="SosatiesMachine" value="1" />
            <upgrade name="SosatiesPlate" value="1" />
            <upgrade name="Onion" value="1" />
            <upgrade name="Apricot" value="1" />
            <upgrade name="Zucchini" value="1" />
            <upgrade name="SosatiesRaw" value="1" />
          </upgrades>
        </level_info>
        <level_info>
          <level>
            <sublevel min_wait="11" max_wait="11" min_spawn="3" max_spawn="3" min_density="2" max_density="2" min_combo_lvl="0.85" max_combo_lvl="0.85" cfg_ver="2" recommendation="false" difficulty="-2">
              <orders />
              <target type="money" count="550" />
              <limit type="not_overcook" />
            </sublevel>
          </level>
          <kits>
            <kit name="Tea" />
            <kit name="Soup" />
            <kit name="CornBread" />
            <kit name="Sosaties" />
            <kit name="Apricot" />
            <kit name="Marshmallow" />
            <kit name="Onion" />
          </kits>
          <upgrades>
            <upgrade name="TeaMachine" value="1" />
            <upgrade name="TeaRaw" value="1" />
            <upgrade name="MarshmallowMachine" value="0" />
            <upgrade name="MarshmallowRaw" value="1" />
            <upgrade name="SoupMachine" value="1" />
            <upgrade name="CornBread" value="1" />
            <upgrade name="Rice" value="1" />
            <upgrade name="SoupPlate" value="1" />
            <upgrade name="SoupRaw" value="1" />
            <upgrade name="SosatiesMachine" value="2" />
            <upgrade name="SosatiesPlate" value="2" />
            <upgrade name="Onion" value="1" />
            <upgrade name="Apricot" value="1" />
            <upgrade name="Zucchini" value="1" />
            <upgrade name="SosatiesRaw" value="1" />
          </upgrades>
        </level_info>
        <level_info>
          <level>
            <sublevel min_wait="5" max_wait="5" min_spawn="1.5" max_spawn="1.5" min_density="2.6" max_density="2.6" cfg_ver="2" recommendation="false" difficulty="-2">
              <orders />
              <target type="dishes" count="49" />
              <limit type="not_away_visitors" />
            </sublevel>
          </level>
          <kits>
            <kit name="Tea" />
            <kit name="Soup" />
            <kit name="CornBread" />
            <kit name="Rice" />
            <kit name="Sosaties" />
            <kit name="Apricot" />
            <kit name="Marshmallow" />
            <kit name="Onion" />
          </kits>
          <upgrades>
            <upgrade name="TeaMachine" value="2" />
            <upgrade name="TeaRaw" value="1" />
            <upgrade name="MarshmallowMachine" value="1" />
            <upgrade name="MarshmallowRaw" value="1" />
            <upgrade name="SoupMachine" value="1" />
            <upgrade name="CornBread" value="1" />
            <upgrade name="Rice" value="1" />
            <upgrade name="SoupPlate" value="1" />
            <upgrade name="SoupRaw" value="1" />
            <upgrade name="SosatiesMachine" value="2" />
            <upgrade name="SosatiesPlate" value="2" />
            <upgrade name="Onion" value="1" />
            <upgrade name="Apricot" value="1" />
            <upgrade name="Zucchini" value="1" />
            <upgrade name="SosatiesRaw" value="1" />
          </upgrades>
        </level_info>
        <level_info>
          <level>
            <sublevel min_wait="8" max_wait="8" timer="77" min_density="2.8" max_density="2.8" cfg_ver="2" recommendation="false" difficulty="-2">
              <orders />
              <target type="dishes" count="62" />
              <limit type="not_overcook" />
            </sublevel>
          </level>
          <kits>
            <kit name="Tea" />
            <kit name="Soup" />
            <kit name="CornBread" />
            <kit name="Rice" />
            <kit name="Sosaties" />
            <kit name="Apricot" />
            <kit name="Zucchini" />
            <kit name="Onion" />
            <kit name="Marshmallow" />
          </kits>
          <upgrades>
            <upgrade name="TeaMachine" value="2" />
            <upgrade name="TeaRaw" value="1" />
            <upgrade name="MarshmallowMachine" value="2" />
            <upgrade name="MarshmallowRaw" value="1" />
            <upgrade name="SoupMachine" value="2" />
            <upgrade name="CornBread" value="1" />
            <upgrade name="Rice" value="1" />
            <upgrade name="SoupPlate" value="2" />
            <upgrade name="SoupRaw" value="1" />
            <upgrade name="SosatiesMachine" value="2" />
            <upgrade name="SosatiesPlate" value="2" />
            <upgrade name="Onion" value="1" />
            <upgrade name="Apricot" value="1" />
            <upgrade name="Zucchini" value="1" />
            <upgrade name="SosatiesRaw" value="1" />
          </upgrades>
        </level_info>
        <level_info>
          <level>
            <sublevel min_wait="12" max_wait="12" timer="84" min_density="3" cfg_ver="2" recommendation="false" difficulty="-2">
              <orders />
              <target type="likes" count="23" />
              <limit type="dont_use_trash" />
            </sublevel>
          </level>
          <kits>
            <kit name="Tea" />
            <kit name="Soup" />
            <kit name="CornBread" />
            <kit name="Rice" />
            <kit name="Sosaties" />
            <kit name="Apricot" />
            <kit name="Zucchini" />
            <kit name="Onion" />
            <kit name="Marshmallow" />
          </kits>
          <upgrades>
            <upgrade name="TeaMachine" value="2" />
            <upgrade name="TeaRaw" value="1" />
            <upgrade name="MarshmallowMachine" value="2" />
            <upgrade name="MarshmallowRaw" value="1" />
            <upgrade name="SoupMachine" value="2" />
            <upgrade name="CornBread" value="1" />
            <upgrade name="Rice" value="1" />
            <upgrade name="SoupPlate" value="2" />
            <upgrade name="SoupRaw" value="1" />
            <upgrade name="SosatiesMachine" value="2" />
            <upgrade name="SosatiesPlate" value="2" />
            <upgrade name="Onion" value="1" />
            <upgrade name="Apricot" value="1" />
            <upgrade name="Zucchini" value="1" />
            <upgrade name="SosatiesRaw" value="1" />
          </upgrades>
        </level_info>
        <extra_point_level_reward default_reward="0" />
      </region>
      <region cfg_ver="1">
        <level_info>
          <level>
            <sublevel max_wait="14" min_spawn="3.4" max_spawn="3.4" min_density="1.6" max_density="1.6" cfg_ver="2" recommendation="false" difficulty="-2">
              <orders />
              <target type="dishes" count="29" />
            </sublevel>
          </level>
          <kits>
            <kit name="Boeber" />
            <kit name="Bobotie" />
            <kit name="Chutney" />
            <kit name="Langouste" />
            <kit name="Corn" />
          </kits>
          <upgrades>
            <upgrade name="SmoothieMachine" value="0" />
            <upgrade name="SmoothieRaw" value="2" />
            <upgrade name="BoeberMachine" value="1" />
            <upgrade name="Roses" value="2" />
            <upgrade name="BoeberRaw" value="2" />
            <upgrade name="BobotieMachine" value="1" />
            <upgrade name="BobotiePlate" value="1" />
            <upgrade name="Bananas" value="2" />
            <upgrade name="GarlicSause" value="2" />
            <upgrade name="Chutney" value="2" />
            <upgrade name="BobotieRaw" value="2" />
            <upgrade name="LangousteMachine" value="0" />
            <upgrade name="LangoustePlate" value="0" />
            <upgrade name="Lime" value="2" />
            <upgrade name="LangousteRaw" value="2" />
            <upgrade name="CornRaw" value="2" />
          </upgrades>
        </level_info>
        <level_info>
          <level>
            <sublevel min_wait="18" max_wait="18" timer="68" min_density="2.1" max_density="2.1" cfg_ver="2" recommendation="false" difficulty="-2">
              <orders />
              <target type="likes" count="20" />
              <limit type="not_away_visitors" />
            </sublevel>
          </level>
          <kits>
            <kit name="Boeber" />
            <kit name="Bobotie" />
            <kit name="Chutney" />
            <kit name="GarlicSause" />
            <kit name="Langouste" />
            <kit name="Corn" />
            <kit name="Smoothie" />
          </kits>
          <upgrades>
            <upgrade name="SmoothieMachine" value="0" />
            <upgrade name="SmoothieRaw" value="2" />
            <upgrade name="BoeberMachine" value="2" />
            <upgrade name="Roses" value="2" />
            <upgrade name="BoeberRaw" value="2" />
            <upgrade name="BobotieMachine" value="1" />
            <upgrade name="BobotiePlate" value="1" />
            <upgrade name="Bananas" value="2" />
            <upgrade name="GarlicSause" value="2" />
            <upgrade name="Chutney" value="2" />
            <upgrade name="BobotieRaw" value="2" />
            <upgrade name="LangousteMachine" value="1" />
            <upgrade name="LangoustePlate" value="1" />
            <upgrade name="Lime" value="2" />
            <upgrade name="LangousteRaw" value="2" />
            <upgrade name="CornRaw" value="2" />
          </upgrades>
        </level_info>
        <level_info>
          <level>
            <sublevel min_wait="6" max_wait="6" min_spawn="2.1" max_spawn="2.1" min_density="2.7" max_density="2.7" min_combo_lvl="1" cfg_ver="2" recommendation="false" difficulty="-2">
              <orders />
              <target type="money" count="980" />
              <limit type="not_away_visitors" />
            </sublevel>
          </level>
          <kits>
            <kit name="Boeber" />
            <kit name="Roses" />
            <kit name="Bobotie" />
            <kit name="Chutney" />
            <kit name="GarlicSause" />
            <kit name="Langouste" />
            <kit name="Corn" />
            <kit name="Lime" />
            <kit name="Smoothie" />
          </kits>
          <upgrades>
            <upgrade name="SmoothieMachine" value="1" />
            <upgrade name="SmoothieRaw" value="2" />
            <upgrade name="BoeberMachine" value="2" />
            <upgrade name="Roses" value="2" />
            <upgrade name="BoeberRaw" value="2" />
            <upgrade name="BobotieMachine" value="2" />
            <upgrade name="BobotiePlate" value="2" />
            <upgrade name="Bananas" value="2" />
            <upgrade name="GarlicSause" value="2" />
            <upgrade name="Chutney" value="2" />
            <upgrade name="BobotieRaw" value="2" />
            <upgrade name="LangousteMachine" value="1" />
            <upgrade name="LangoustePlate" value="1" />
            <upgrade name="Lime" value="2" />
            <upgrade name="LangousteRaw" value="2" />
            <upgrade name="CornRaw" value="2" />
          </upgrades>
        </level_info>
        <level_info>
          <level>
            <sublevel min_wait="10" max_wait="10" max_spawn="1" min_density="3" cfg_ver="2" recommendation="false" difficulty="-2">
              <orders />
              <target type="likes" count="25" />
              <limit type="dont_use_trash" />
            </sublevel>
          </level>
          <kits>
            <kit name="Boeber" />
            <kit name="Roses" />
            <kit name="Bobotie" />
            <kit name="Chutney" />
            <kit name="GarlicSause" />
            <kit name="Bananas" />
            <kit name="Langouste" />
            <kit name="Corn" />
            <kit name="Lime" />
            <kit name="Smoothie" />
          </kits>
          <upgrades>
            <upgrade name="SmoothieMachine" value="2" />
            <upgrade name="SmoothieRaw" value="2" />
            <upgrade name="BoeberMachine" value="2" />
            <upgrade name="Roses" value="2" />
            <upgrade name="BoeberRaw" value="2" />
            <upgrade name="BobotieMachine" value="2" />
            <upgrade name="BobotiePlate" value="2" />
            <upgrade name="Bananas" value="2" />
            <upgrade name="GarlicSause" value="2" />
            <upgrade name="Chutney" value="2" />
            <upgrade name="BobotieRaw" value="2" />
            <upgrade name="LangousteMachine" value="2" />
            <upgrade name="LangoustePlate" value="2" />
            <upgrade name="Lime" value="2" />
            <upgrade name="LangousteRaw" value="2" />
            <upgrade name="CornRaw" value="2" />
          </upgrades>
        </level_info>
        <level_info>
          <level>
            <sublevel min_wait="6" max_wait="6" timer="79" min_density="3" cfg_ver="2" recommendation="false" difficulty="-2">
              <orders />
              <target type="dishes" count="65" />
              <limit type="not_overcook" />
            </sublevel>
          </level>
          <kits>
            <kit name="Boeber" />
            <kit name="Roses" />
            <kit name="Bobotie" />
            <kit name="Chutney" />
            <kit name="GarlicSause" />
            <kit name="Bananas" />
            <kit name="Langouste" />
            <kit name="Corn" />
            <kit name="Lime" />
            <kit name="Smoothie" />
          </kits>
          <upgrades>
            <upgrade name="SmoothieMachine" value="2" />
            <upgrade name="SmoothieRaw" value="2" />
            <upgrade name="BoeberMachine" value="2" />
            <upgrade name="Roses" value="2" />
            <upgrade name="BoeberRaw" value="2" />
            <upgrade name="BobotieMachine" value="2" />
            <upgrade name="BobotiePlate" value="2" />
            <upgrade name="Bananas" value="2" />
            <upgrade name="GarlicSause" value="2" />
            <upgrade name="Chutney" value="2" />
            <upgrade name="BobotieRaw" value="2" />
            <upgrade name="LangousteMachine" value="2" />
            <upgrade name="LangoustePlate" value="2" />
            <upgrade name="Lime" value="2" />
            <upgrade name="LangousteRaw" value="2" />
            <upgrade name="CornRaw" value="2" />
          </upgrades>
        </level_info>
        <extra_point_level_reward default_reward="0" />
      </region>
    </city>
    <city name="Toronto">
      <region cfg_ver="1">
        <level_info>
          <level>
            <sublevel min_wait="20" max_wait="20" min_spawn="3" max_spawn="3" min_density="2" max_density="2" min_combo_lvl="0.6" max_combo_lvl="0.6" cfg_ver="2" recommendation="false" difficulty="-2">
              <orders />
              <target type="money" count="200" />
              <limit type="not_away_visitors" />
            </sublevel>
          </level>
          <kits>
            <kit name="Coffee" />
            <kit name="Pancakes" />
            <kit name="Bacon" />
            <kit name="MontrealBagel" />
            <kit name="Salmon" />
          </kits>
          <upgrades>
            <upgrade name="CoffeeMachine" value="0" />
            <upgrade name="CoffeeRaw" value="1" />
            <upgrade name="ButterTartOven" value="0" />
            <upgrade name="ButterTartRaw" value="1" />
            <upgrade name="PancakesDoughMixer" value="0" />
            <upgrade name="PancakesStove" value="0" />
            <upgrade name="PancakesPlate" value="0" />
            <upgrade name="Berries" value="1" />
            <upgrade name="MapleSyrup" value="1" />
            <upgrade name="Cream" value="1" />
            <upgrade name="Bacon" value="1" />
            <upgrade name="BaconPan" value="0" />
            <upgrade name="MontrealBagelRaw" value="1" />
            <upgrade name="MontrealBagelOven" value="0" />
            <upgrade name="Cheese" value="1" />
            <upgrade name="Salmon" value="1" />
            <upgrade name="Chocolate" value="1" />
          </upgrades>
        </level_info>
        <level_info>
          <level>
            <sublevel min_wait="11" max_wait="11" timer="68" min_density="2.2" max_density="2.2" cfg_ver="2" recommendation="false" difficulty="-2">
              <orders />
              <target type="dishes" count="41" />
              <limit type="not_away_visitors" />
            </sublevel>
          </level>
          <kits>
            <kit name="Coffee" />
            <kit name="ButterTart" />
            <kit name="Pancakes" />
            <kit name="Bacon" />
            <kit name="MapleSyrup" />
            <kit name="MontrealBagel" />
            <kit name="Salmon" />
          </kits>
          <upgrades>
            <upgrade name="CoffeeMachine" value="1" />
            <upgrade name="CoffeeRaw" value="1" />
            <upgrade name="ButterTartOven" value="0" />
            <upgrade name="ButterTartRaw" value="1" />
            <upgrade name="PancakesDoughMixer" value="1" />
            <upgrade name="PancakesStove" value="1" />
            <upgrade name="PancakesPlate" value="1" />
            <upgrade name="Berries" value="1" />
            <upgrade name="MapleSyrup" value="1" />
            <upgrade name="Cream" value="1" />
            <upgrade name="Bacon" value="1" />
            <upgrade name="BaconPan" value="1" />
            <upgrade name="MontrealBagelRaw" value="1" />
            <upgrade name="MontrealBagelOven" value="1" />
            <upgrade name="Cheese" value="1" />
            <upgrade name="Salmon" value="1" />
            <upgrade name="Chocolate" value="1" />
          </upgrades>
        </level_info>
        <level_info>
          <level>
            <sublevel min_wait="15" max_wait="15" timer="87" min_density="2.7" max_density="2.7" cfg_ver="2" recommendation="false" difficulty="-2">
              <orders />
              <target type="likes" count="22" />
              <limit type="not_overcook" />
            </sublevel>
          </level>
          <kits>
            <kit name="Coffee" />
            <kit name="ButterTart" />
            <kit name="Pancakes" />
            <kit name="Bacon" />
            <kit name="Berries" />
            <kit name="MapleSyrup" />
            <kit name="MontrealBagel" />
            <kit name="Cheese" />
            <kit name="Salmon" />
          </kits>
          <upgrades>
            <upgrade name="CoffeeMachine" value="2" />
            <upgrade name="CoffeeRaw" value="1" />
            <upgrade name="ButterTartOven" value="1" />
            <upgrade name="ButterTartRaw" value="1" />
            <upgrade name="PancakesDoughMixer" value="2" />
            <upgrade name="PancakesStove" value="2" />
            <upgrade name="PancakesPlate" value="2" />
            <upgrade name="Berries" value="1" />
            <upgrade name="MapleSyrup" value="1" />
            <upgrade name="Cream" value="1" />
            <upgrade name="Bacon" value="1" />
            <upgrade name="BaconPan" value="2" />
            <upgrade name="MontrealBagelRaw" value="1" />
            <upgrade name="MontrealBagelOven" value="1" />
            <upgrade name="Cheese" value="1" />
            <upgrade name="Salmon" value="1" />
            <upgrade name="Chocolate" value="1" />
          </upgrades>
        </level_info>
        <level_info>
          <level>
            <sublevel min_wait="10" max_wait="10" timer="88" min_density="2.8" max_density="2.8" cfg_ver="2" recommendation="false" difficulty="-2">
              <orders />
              <target type="likes" count="24" />
              <limit type="dont_use_trash" />
            </sublevel>
          </level>
          <kits>
            <kit name="Coffee" />
            <kit name="ButterTart" />
            <kit name="Pancakes" />
            <kit name="Bacon" />
            <kit name="Berries" />
            <kit name="MapleSyrup" />
            <kit name="Cream" />
            <kit name="MontrealBagel" />
            <kit name="Cheese" />
            <kit name="Salmon" />
            <kit name="Chocolate" />
          </kits>
          <upgrades>
            <upgrade name="CoffeeMachine" value="2" />
            <upgrade name="CoffeeRaw" value="1" />
            <upgrade name="ButterTartOven" value="2" />
            <upgrade name="ButterTartRaw" value="1" />
            <upgrade name="PancakesDoughMixer" value="2" />
            <upgrade name="PancakesStove" value="2" />
            <upgrade name="PancakesPlate" value="2" />
            <upgrade name="Berries" value="1" />
            <upgrade name="MapleSyrup" value="1" />
            <upgrade name="Cream" value="1" />
            <upgrade name="Bacon" value="1" />
            <upgrade name="BaconPan" value="2" />
            <upgrade name="MontrealBagelRaw" value="1" />
            <upgrade name="MontrealBagelOven" value="2" />
            <upgrade name="Cheese" value="1" />
            <upgrade name="Salmon" value="1" />
            <upgrade name="Chocolate" value="1" />
          </upgrades>
        </level_info>
        <level_info>
          <level>
            <sublevel max_wait="14" timer="87" min_density="2.8" max_density="2.8" cfg_ver="2" recommendation="false" difficulty="-2">
              <orders />
              <target type="dishes" count="65" />
              <limit type="dont_use_trash" />
            </sublevel>
          </level>
          <kits>
            <kit name="Coffee" />
            <kit name="ButterTart" />
            <kit name="Pancakes" />
            <kit name="Bacon" />
            <kit name="Berries" />
            <kit name="MapleSyrup" />
            <kit name="Cream" />
            <kit name="MontrealBagel" />
            <kit name="Cheese" />
            <kit name="Salmon" />
            <kit name="Chocolate" />
          </kits>
          <upgrades>
            <upgrade name="CoffeeMachine" value="2" />
            <upgrade name="CoffeeRaw" value="1" />
            <upgrade name="ButterTartOven" value="2" />
            <upgrade name="ButterTartRaw" value="1" />
            <upgrade name="PancakesDoughMixer" value="2" />
            <upgrade name="PancakesStove" value="2" />
            <upgrade name="PancakesPlate" value="2" />
            <upgrade name="Berries" value="1" />
            <upgrade name="MapleSyrup" value="1" />
            <upgrade name="Cream" value="1" />
            <upgrade name="Bacon" value="1" />
            <upgrade name="BaconPan" value="2" />
            <upgrade name="MontrealBagelRaw" value="1" />
            <upgrade name="MontrealBagelOven" value="2" />
            <upgrade name="Cheese" value="1" />
            <upgrade name="Salmon" value="1" />
            <upgrade name="Chocolate" value="1" />
          </upgrades>
        </level_info>
        <extra_point_level_reward default_reward="0" />
      </region>
      <region cfg_ver="1">
        <level_info>
          <level>
            <sublevel min_wait="28" max_wait="28" min_spawn="3" max_spawn="3" min_density="2" max_density="2" cfg_ver="2" recommendation="false" difficulty="-2">
              <orders />
              <target type="likes" count="15" />
              <limit type="not_overcook" />
            </sublevel>
          </level>
          <kits>
            <kit name="OrganicSoda" />
            <kit name="Poutine" />
            <kit name="Cheese" />
            <kit name="GingerBeef" />
            <kit name="Noodle" />
          </kits>
          <upgrades>
            <upgrade name="SodaMachine" value="0" />
            <upgrade name="SodaRaw" value="0" />
            <upgrade name="NanaimoBarMachine" value="0" />
            <upgrade name="NanaimoBarRaw" value="0" />
            <upgrade name="PoutineMachine" value="0" />
            <upgrade name="SmokedMeatMachine" value="0" />
            <upgrade name="Cheese" value="0" />
            <upgrade name="MexicanMix" value="0" />
            <upgrade name="Mushrooms" value="0" />
            <upgrade name="PoutinePlate" value="0" />
            <upgrade name="SmokedMeatRaw" value="0" />
            <upgrade name="BeefMachine" value="0" />
            <upgrade name="GingerBeefMachine" value="0" />
            <upgrade name="NoodleMachine" value="0" />
            <upgrade name="RiceMachine" value="0" />
            <upgrade name="Vegetables" value="0" />
            <upgrade name="RiceRaw" value="0" />
            <upgrade name="NoodleRaw" value="0" />
            <upgrade name="BeefRaw" value="0" />
            <upgrade name="GingerBeefPlate" value="0" />
          </upgrades>
        </level_info>
        <level_info>
          <level>
            <sublevel min_wait="10" max_wait="10" min_spawn="1.3" max_spawn="1.3" min_density="3" cfg_ver="2" recommendation="false" difficulty="-2">
              <orders />
              <target type="dishes" count="50" />
              <limit type="dont_use_trash" />
            </sublevel>
          </level>
          <kits>
            <kit name="OrganicSoda" />
            <kit name="NanaimoBar" />
            <kit name="Poutine" />
            <kit name="SmokedMeat" />
            <kit name="Cheese" />
            <kit name="GingerBeef" />
            <kit name="Noodle" />
          </kits>
          <upgrades>
            <upgrade name="SodaMachine" value="1" />
            <upgrade name="SodaRaw" value="0" />
            <upgrade name="NanaimoBarMachine" value="0" />
            <upgrade name="NanaimoBarRaw" value="0" />
            <upgrade name="PoutineMachine" value="1" />
            <upgrade name="SmokedMeatMachine" value="1" />
            <upgrade name="Cheese" value="0" />
            <upgrade name="MexicanMix" value="0" />
            <upgrade name="Mushrooms" value="0" />
            <upgrade name="PoutinePlate" value="1" />
            <upgrade name="SmokedMeatRaw" value="0" />
            <upgrade name="BeefMachine" value="1" />
            <upgrade name="GingerBeefMachine" value="1" />
            <upgrade name="NoodleMachine" value="1" />
            <upgrade name="RiceMachine" value="1" />
            <upgrade name="Vegetables" value="0" />
            <upgrade name="RiceRaw" value="0" />
            <upgrade name="NoodleRaw" value="0" />
            <upgrade name="BeefRaw" value="0" />
            <upgrade name="GingerBeefPlate" value="1" />
          </upgrades>
        </level_info>
        <level_info>
          <level>
            <sublevel min_wait="11" max_wait="11" min_spawn="2" max_spawn="2" min_density="2.3" max_density="2.3" min_combo_lvl="0.95" max_combo_lvl="0.95" cfg_ver="2" recommendation="false" difficulty="-2">
              <orders />
              <target type="money" count="1100" />
              <limit type="not_overcook" />
            </sublevel>
          </level>
          <kits>
            <kit name="OrganicSoda" />
            <kit name="NanaimoBar" />
            <kit name="Poutine" />
            <kit name="SmokedMeat" />
            <kit name="Cheese" />
            <kit name="MexicanMix" />
            <kit name="GingerBeef" />
            <kit name="Noodle" />
            <kit name="Vegetables" />
          </kits>
          <upgrades>
            <upgrade name="SodaMachine" value="2" />
            <upgrade name="SodaRaw" value="0" />
            <upgrade name="NanaimoBarMachine" value="1" />
            <upgrade name="NanaimoBarRaw" value="0" />
            <upgrade name="PoutineMachine" value="1" />
            <upgrade name="SmokedMeatMachine" value="1" />
            <upgrade name="Cheese" value="0" />
            <upgrade name="MexicanMix" value="0" />
            <upgrade name="Mushrooms" value="0" />
            <upgrade name="PoutinePlate" value="1" />
            <upgrade name="SmokedMeatRaw" value="0" />
            <upgrade name="BeefMachine" value="2" />
            <upgrade name="GingerBeefMachine" value="2" />
            <upgrade name="NoodleMachine" value="2" />
            <upgrade name="RiceMachine" value="2" />
            <upgrade name="Vegetables" value="0" />
            <upgrade name="RiceRaw" value="0" />
            <upgrade name="NoodleRaw" value="0" />
            <upgrade name="BeefRaw" value="0" />
            <upgrade name="GingerBeefPlate" value="2" />
          </upgrades>
        </level_info>
        <level_info>
          <level>
            <sublevel min_wait="8" max_wait="8" min_spawn="3.9" max_spawn="3.9" min_density="2.9" max_density="2.9" min_combo_lvl="1" cfg_ver="2" recommendation="false" difficulty="-2">
              <orders />
              <target type="money" count="1600" />
              <limit type="dont_use_trash" />
            </sublevel>
          </level>
          <kits>
            <kit name="OrganicSoda" />
            <kit name="NanaimoBar" />
            <kit name="Poutine" />
            <kit name="SmokedMeat" />
            <kit name="Cheese" />
            <kit name="MexicanMix" />
            <kit name="Mushrooms" />
            <kit name="GingerBeef" />
            <kit name="Rice" />
            <kit name="Noodle" />
            <kit name="Vegetables" />
          </kits>
          <upgrades>
            <upgrade name="SodaMachine" value="2" />
            <upgrade name="SodaRaw" value="0" />
            <upgrade name="NanaimoBarMachine" value="2" />
            <upgrade name="NanaimoBarRaw" value="0" />
            <upgrade name="PoutineMachine" value="2" />
            <upgrade name="SmokedMeatMachine" value="2" />
            <upgrade name="Cheese" value="0" />
            <upgrade name="MexicanMix" value="0" />
            <upgrade name="Mushrooms" value="0" />
            <upgrade name="PoutinePlate" value="2" />
            <upgrade name="SmokedMeatRaw" value="0" />
            <upgrade name="BeefMachine" value="2" />
            <upgrade name="GingerBeefMachine" value="2" />
            <upgrade name="NoodleMachine" value="2" />
            <upgrade name="RiceMachine" value="2" />
            <upgrade name="Vegetables" value="0" />
            <upgrade name="RiceRaw" value="0" />
            <upgrade name="NoodleRaw" value="0" />
            <upgrade name="BeefRaw" value="0" />
            <upgrade name="GingerBeefPlate" value="2" />
          </upgrades>
        </level_info>
        <level_info>
          <level>
            <sublevel min_wait="10" max_wait="10" timer="75" min_density="2.9" max_density="2.9" cfg_ver="2" recommendation="false" difficulty="-2">
              <orders />
              <target type="dishes" count="58" />
              <limit type="dont_use_trash" />
            </sublevel>
          </level>
          <kits>
            <kit name="OrganicSoda" />
            <kit name="NanaimoBar" />
            <kit name="Poutine" />
            <kit name="SmokedMeat" />
            <kit name="Cheese" />
            <kit name="MexicanMix" />
            <kit name="Mushrooms" />
            <kit name="GingerBeef" />
            <kit name="Rice" />
            <kit name="Noodle" />
            <kit name="Vegetables" />
          </kits>
          <upgrades>
            <upgrade name="SodaMachine" value="2" />
            <upgrade name="SodaRaw" value="0" />
            <upgrade name="NanaimoBarMachine" value="2" />
            <upgrade name="NanaimoBarRaw" value="0" />
            <upgrade name="PoutineMachine" value="2" />
            <upgrade name="SmokedMeatMachine" value="2" />
            <upgrade name="Cheese" value="0" />
            <upgrade name="MexicanMix" value="0" />
            <upgrade name="Mushrooms" value="0" />
            <upgrade name="PoutinePlate" value="2" />
            <upgrade name="SmokedMeatRaw" value="0" />
            <upgrade name="BeefMachine" value="2" />
            <upgrade name="GingerBeefMachine" value="2" />
            <upgrade name="NoodleMachine" value="2" />
            <upgrade name="RiceMachine" value="2" />
            <upgrade name="Vegetables" value="0" />
            <upgrade name="RiceRaw" value="0" />
            <upgrade name="NoodleRaw" value="0" />
            <upgrade name="BeefRaw" value="0" />
            <upgrade name="GingerBeefPlate" value="2" />
          </upgrades>
        </level_info>
        <extra_point_level_reward default_reward="0" />
      </region>
      <region cfg_ver="1">
        <level_info>
          <level>
            <sublevel min_wait="35" max_wait="35" min_spawn="2.5" max_spawn="2.5" min_density="2" max_density="2" cfg_ver="2" recommendation="false" difficulty="-2">
              <orders />
              <target type="dishes" count="21" />
              <limit type="not_away_visitors" />
            </sublevel>
          </level>
          <kits>
            <kit name="VirginCaesar" />
            <kit name="PigeonPie" />
            <kit name="MashedPotato" />
            <kit name="BraisedWhelk" />
          </kits>
          <upgrades>
            <upgrade name="VirginCaesarMachine" value="0" />
            <upgrade name="VirginCaesarRaw" value="0" />
            <upgrade name="BlueberryGruntPan" value="0" />
            <upgrade name="BlueberryGruntRaw" value="0" />
            <upgrade name="PigeonPieOven" value="0" />
            <upgrade name="PigeonPieRaw" value="0" />
            <upgrade name="MashedPotato" value="0" />
            <upgrade name="Sauce" value="0" />
            <upgrade name="Meat" value="0" />
            <upgrade name="BraisedWhelkMachine" value="0" />
            <upgrade name="BraisedWhelkGrill" value="0" />
            <upgrade name="BraisedWhelkPlate" value="0" />
            <upgrade name="Seaweed" value="0" />
            <upgrade name="BeurreBlanc" value="0" />
            <upgrade name="Salad" value="0" />
          </upgrades>
        </level_info>
        <level_info>
          <level>
            <sublevel min_wait="9" max_wait="9" min_spawn="2" max_spawn="2" min_density="3" min_combo_lvl="0.95" max_combo_lvl="0.95" cfg_ver="2" recommendation="false" difficulty="-2">
              <orders />
              <target type="money" count="1450" />
              <limit type="not_overcook" />
            </sublevel>
          </level>
          <kits>
            <kit name="VirginCaesar" />
            <kit name="PigeonPie" />
            <kit name="MashedPotato" />
            <kit name="Sauce" />
            <kit name="BraisedWhelk" />
            <kit name="BeurreBlanc" />
          </kits>
          <upgrades>
            <upgrade name="VirginCaesarMachine" value="1" />
            <upgrade name="VirginCaesarRaw" value="0" />
            <upgrade name="BlueberryGruntPan" value="0" />
            <upgrade name="BlueberryGruntRaw" value="0" />
            <upgrade name="PigeonPieOven" value="1" />
            <upgrade name="PigeonPieRaw" value="0" />
            <upgrade name="MashedPotato" value="0" />
            <upgrade name="Sauce" value="0" />
            <upgrade name="Meat" value="0" />
            <upgrade name="BraisedWhelkMachine" value="1" />
            <upgrade name="BraisedWhelkGrill" value="1" />
            <upgrade name="BraisedWhelkPlate" value="1" />
            <upgrade name="Seaweed" value="0" />
            <upgrade name="BeurreBlanc" value="0" />
            <upgrade name="Salad" value="0" />
          </upgrades>
        </level_info>
        <level_info>
          <level>
            <sublevel min_wait="16" max_wait="16" timer="81" min_density="2.2" max_density="2.2" cfg_ver="2" recommendation="false" difficulty="-2">
              <orders />
              <target type="likes" count="21" />
              <limit type="not_overcook" />
            </sublevel>
          </level>
          <kits>
            <kit name="VirginCaesar" />
            <kit name="BlueberryGrunt" />
            <kit name="PigeonPie" />
            <kit name="MashedPotato" />
            <kit name="Sauce" />
            <kit name="BraisedWhelk" />
            <kit name="BeurreBlanc" />
            <kit name="Salad" />
          </kits>
          <upgrades>
            <upgrade name="VirginCaesarMachine" value="1" />
            <upgrade name="VirginCaesarRaw" value="0" />
            <upgrade name="BlueberryGruntPan" value="1" />
            <upgrade name="BlueberryGruntRaw" value="0" />
            <upgrade name="PigeonPieOven" value="2" />
            <upgrade name="PigeonPieRaw" value="0" />
            <upgrade name="MashedPotato" value="0" />
            <upgrade name="Sauce" value="0" />
            <upgrade name="Meat" value="0" />
            <upgrade name="BraisedWhelkMachine" value="2" />
            <upgrade name="BraisedWhelkGrill" value="2" />
            <upgrade name="BraisedWhelkPlate" value="2" />
            <upgrade name="Seaweed" value="0" />
            <upgrade name="BeurreBlanc" value="0" />
            <upgrade name="Salad" value="0" />
          </upgrades>
        </level_info>
        <level_info>
          <level>
            <sublevel min_wait="16" max_wait="16" timer="84" min_density="2.8" max_density="2.8" cfg_ver="2" recommendation="false" difficulty="-2">
              <orders />
              <target type="likes" count="23" />
              <limit type="dont_use_trash" />
            </sublevel>
          </level>
          <kits>
            <kit name="VirginCaesar" />
            <kit name="BlueberryGrunt" />
            <kit name="PigeonPie" />
            <kit name="MashedPotato" />
            <kit name="Sauce" />
            <kit name="Meat" />
            <kit name="BraisedWhelk" />
            <kit name="Seaweed" />
            <kit name="BeurreBlanc" />
            <kit name="Salad" />
          </kits>
          <upgrades>
            <upgrade name="VirginCaesarMachine" value="2" />
            <upgrade name="VirginCaesarRaw" value="0" />
            <upgrade name="BlueberryGruntPan" value="2" />
            <upgrade name="BlueberryGruntRaw" value="0" />
            <upgrade name="PigeonPieOven" value="2" />
            <upgrade name="PigeonPieRaw" value="0" />
            <upgrade name="MashedPotato" value="0" />
            <upgrade name="Sauce" value="0" />
            <upgrade name="Meat" value="0" />
            <upgrade name="BraisedWhelkMachine" value="2" />
            <upgrade name="BraisedWhelkGrill" value="2" />
            <upgrade name="BraisedWhelkPlate" value="2" />
            <upgrade name="Seaweed" value="0" />
            <upgrade name="BeurreBlanc" value="0" />
            <upgrade name="Salad" value="0" />
          </upgrades>
        </level_info>
        <level_info>
          <level>
            <sublevel min_wait="12" max_wait="12" timer="80" min_density="3" cfg_ver="2" recommendation="false" difficulty="-2">
              <orders />
              <target type="dishes" count="62" />
              <limit type="dont_use_trash" />
            </sublevel>
          </level>
          <kits>
            <kit name="VirginCaesar" />
            <kit name="BlueberryGrunt" />
            <kit name="PigeonPie" />
            <kit name="MashedPotato" />
            <kit name="Sauce" />
            <kit name="Meat" />
            <kit name="BraisedWhelk" />
            <kit name="Seaweed" />
            <kit name="BeurreBlanc" />
            <kit name="Salad" />
          </kits>
          <upgrades>
            <upgrade name="VirginCaesarMachine" value="2" />
            <upgrade name="VirginCaesarRaw" value="0" />
            <upgrade name="BlueberryGruntPan" value="2" />
            <upgrade name="BlueberryGruntRaw" value="0" />
            <upgrade name="PigeonPieOven" value="2" />
            <upgrade name="PigeonPieRaw" value="0" />
            <upgrade name="MashedPotato" value="0" />
            <upgrade name="Sauce" value="0" />
            <upgrade name="Meat" value="0" />
            <upgrade name="BraisedWhelkMachine" value="2" />
            <upgrade name="BraisedWhelkGrill" value="2" />
            <upgrade name="BraisedWhelkPlate" value="2" />
            <upgrade name="Seaweed" value="0" />
            <upgrade name="BeurreBlanc" value="0" />
            <upgrade name="Salad" value="0" />
          </upgrades>
        </level_info>
        <extra_point_level_reward default_reward="0" />
      </region>
    </city>
    <city name="Sydney">
      <region cfg_ver="1">
        <level_info>
          <level>
            <sublevel min_wait="40" max_wait="40" min_spawn="4.7" max_spawn="4.7" min_density="1.2" max_density="1.2" combo="-5" cfg_ver="2" recommendation="false" difficulty="-2">
              <orders />
              <target type="money" count="120" />
            </sublevel>
          </level>
          <kits>
            <kit name="CoconutMilk" />
            <kit name="MoretonBayBug" />
            <kit name="Quinoa" />
            <kit name="Kebab" />
          </kits>
          <upgrades>
            <upgrade name="CoconutMilk" value="0" />
            <upgrade name="CupcakeFrogOven" value="0" />
            <upgrade name="FondantBase" value="0" />
            <upgrade name="QuinoaPan" value="0" />
            <upgrade name="MoretonBayBugPlate" value="0" />
            <upgrade name="MoretonBayBugPan" value="0" />
            <upgrade name="Lemon" value="2" />
            <upgrade name="Basil" value="2" />
            <upgrade name="Pepper" value="2" />
            <upgrade name="KebabPlate" value="0" />
            <upgrade name="KebabGrill" value="0" />
            <upgrade name="Pineapple" value="2" />
            <upgrade name="CoconutMilkRaw" value="2" />
            <upgrade name="CupcakeFrogRaw" value="2" />
            <upgrade name="QuinoaBase" value="2" />
            <upgrade name="MoretonBayBugRaw" value="2" />
            <upgrade name="KangarooRaw" value="2" />
          </upgrades>
        </level_info>
        <level_info>
          <level>
            <sublevel min_wait="29" max_wait="29" min_spawn="4.1" max_spawn="4.1" min_density="1.6" max_density="1.6" combo="40" cfg_ver="2" recommendation="false" difficulty="-2">
              <orders />
              <target type="money" count="170" />
            </sublevel>
          </level>
          <kits>
            <kit name="CoconutMilk" />
            <kit name="CupcakeFrog" />
            <kit name="FondantBrown" />
            <kit name="MoretonBayBug" />
            <kit name="Quinoa" />
            <kit name="Basil" />
            <kit name="Kebab" />
          </kits>
          <upgrades>
            <upgrade name="CoconutMilk" value="0" />
            <upgrade name="CupcakeFrogOven" value="0" />
            <upgrade name="FondantBase" value="0" />
            <upgrade name="QuinoaPan" value="1" />
            <upgrade name="MoretonBayBugPlate" value="1" />
            <upgrade name="MoretonBayBugPan" value="1" />
            <upgrade name="Lemon" value="2" />
            <upgrade name="Basil" value="2" />
            <upgrade name="Pepper" value="2" />
            <upgrade name="KebabPlate" value="0" />
            <upgrade name="KebabGrill" value="0" />
            <upgrade name="Pineapple" value="2" />
            <upgrade name="CoconutMilkRaw" value="2" />
            <upgrade name="CupcakeFrogRaw" value="2" />
            <upgrade name="QuinoaBase" value="2" />
            <upgrade name="MoretonBayBugRaw" value="2" />
            <upgrade name="KangarooRaw" value="2" />
          </upgrades>
        </level_info>
        <level_info>
          <level>
            <sublevel min_wait="22" max_wait="22" timer="71" min_density="2" max_density="2" cfg_ver="2" recommendation="false" difficulty="-2">
              <orders />
              <target type="likes" count="14" />
              <limit type="not_overcook" />
            </sublevel>
          </level>
          <kits>
            <kit name="CoconutMilk" />
            <kit name="CupcakeFrog" />
            <kit name="FondantGreen" />
            <kit name="FondantBrown" />
            <kit name="MoretonBayBug" />
            <kit name="Quinoa" />
            <kit name="Basil" />
            <kit name="Pepper" />
            <kit name="Kebab" />
          </kits>
          <upgrades>
            <upgrade name="CoconutMilk" value="1" />
            <upgrade name="CupcakeFrogOven" value="1" />
            <upgrade name="FondantBase" value="1" />
            <upgrade name="QuinoaPan" value="1" />
            <upgrade name="MoretonBayBugPlate" value="1" />
            <upgrade name="MoretonBayBugPan" value="1" />
            <upgrade name="Lemon" value="2" />
            <upgrade name="Basil" value="2" />
            <upgrade name="Pepper" value="2" />
            <upgrade name="KebabPlate" value="1" />
            <upgrade name="KebabGrill" value="1" />
            <upgrade name="Pineapple" value="2" />
            <upgrade name="CoconutMilkRaw" value="2" />
            <upgrade name="CupcakeFrogRaw" value="2" />
            <upgrade name="QuinoaBase" value="2" />
            <upgrade name="MoretonBayBugRaw" value="2" />
            <upgrade name="KangarooRaw" value="2" />
          </upgrades>
        </level_info>
        <level_info>
          <level>
            <sublevel min_wait="15" max_wait="15" timer="69" min_density="2.5" max_density="2.5" cfg_ver="2" recommendation="false" difficulty="-2">
              <orders />
              <target type="dishes" count="36" />
              <limit type="not_away_visitors" />
            </sublevel>
          </level>
          <kits>
            <kit name="CoconutMilk" />
            <kit name="CupcakeFrog" />
            <kit name="FondantPink" />
            <kit name="FondantGreen" />
            <kit name="FondantBrown" />
            <kit name="MoretonBayBug" />
            <kit name="Quinoa" />
            <kit name="Basil" />
            <kit name="Pepper" />
            <kit name="Kebab" />
            <kit name="Pineapple" />
          </kits>
          <upgrades>
            <upgrade name="CoconutMilk" value="1" />
            <upgrade name="CupcakeFrogOven" value="1" />
            <upgrade name="FondantBase" value="1" />
            <upgrade name="QuinoaPan" value="2" />
            <upgrade name="MoretonBayBugPlate" value="2" />
            <upgrade name="MoretonBayBugPan" value="2" />
            <upgrade name="Lemon" value="2" />
            <upgrade name="Basil" value="2" />
            <upgrade name="Pepper" value="2" />
            <upgrade name="KebabPlate" value="1" />
            <upgrade name="KebabGrill" value="1" />
            <upgrade name="Pineapple" value="2" />
            <upgrade name="CoconutMilkRaw" value="2" />
            <upgrade name="CupcakeFrogRaw" value="2" />
            <upgrade name="QuinoaBase" value="2" />
            <upgrade name="MoretonBayBugRaw" value="2" />
            <upgrade name="KangarooRaw" value="2" />
          </upgrades>
        </level_info>
        <level_info>
          <level>
            <sublevel min_wait="16" max_wait="16" min_spawn="3.1" max_spawn="3.1" min_density="2.7" max_density="2.7" cfg_ver="2" recommendation="false" difficulty="-2">
              <orders />
              <target type="likes" count="17" />
              <limit type="dont_use_trash" />
            </sublevel>
          </level>
          <kits>
            <kit name="CoconutMilk" />
            <kit name="CupcakeFrog" />
            <kit name="FondantPink" />
            <kit name="FondantGreen" />
            <kit name="FondantBrown" />
            <kit name="MoretonBayBug" />
            <kit name="Quinoa" />
            <kit name="Lemon" />
            <kit name="Basil" />
            <kit name="Pepper" />
            <kit name="Kebab" />
            <kit name="Pineapple" />
          </kits>
          <upgrades>
            <upgrade name="CoconutMilk" value="2" />
            <upgrade name="CupcakeFrogOven" value="2" />
            <upgrade name="FondantBase" value="2" />
            <upgrade name="QuinoaPan" value="2" />
            <upgrade name="MoretonBayBugPlate" value="2" />
            <upgrade name="MoretonBayBugPan" value="2" />
            <upgrade name="Lemon" value="2" />
            <upgrade name="Basil" value="2" />
            <upgrade name="Pepper" value="2" />
            <upgrade name="KebabPlate" value="2" />
            <upgrade name="KebabGrill" value="2" />
            <upgrade name="Pineapple" value="2" />
            <upgrade name="CoconutMilkRaw" value="2" />
            <upgrade name="CupcakeFrogRaw" value="2" />
            <upgrade name="QuinoaBase" value="2" />
            <upgrade name="MoretonBayBugRaw" value="2" />
            <upgrade name="KangarooRaw" value="2" />
          </upgrades>
        </level_info>
        <extra_point_level_reward default_reward="0" />
      </region>
      <region cfg_ver="1">
        <level_info>
          <level>
            <sublevel min_wait="28" max_wait="28" min_spawn="4.7" max_spawn="4.7" min_density="1.2" max_density="1.2" combo="-5" cfg_ver="2" recommendation="false" difficulty="-2">
              <orders />
              <target type="money" count="240" />
            </sublevel>
          </level>
          <kits>
            <kit name="SousVide" />
            <kit name="Vegetables" />
            <kit name="PieFloater" />
            <kit name="Soup" />
            <kit name="PeaSoup" />
            <kit name="MintSauce" />
            <kit name="JuiceMix" />
          </kits>
          <upgrades>
            <upgrade name="SousVideMachine" value="1" />
            <upgrade name="OldmanSaltbushMachine" value="1" />
            <upgrade name="GarlicSauce" value="2" />
            <upgrade name="Vegetables" value="2" />
            <upgrade name="SousVidePlate" value="1" />
            <upgrade name="FishRaw" value="2" />
            <upgrade name="OldmanSaltbushRaw" value="2" />
            <upgrade name="PieFloaterMachine" value="1" />
            <upgrade name="PieFloaterPlate" value="1" />
            <upgrade name="Soup" value="2" />
            <upgrade name="TomatoSauce" value="2" />
            <upgrade name="MintSauce" value="2" />
            <upgrade name="PieRaw" value="2" />
            <upgrade name="BreadMachine" value="1" />
            <upgrade name="Oil" value="2" />
            <upgrade name="IceCream" value="2" />
            <upgrade name="JuiceRaw" value="2" />
            <upgrade name="JuiceMixMachine" value="1" />
          </upgrades>
        </level_info>
        <level_info>
          <level>
            <sublevel min_wait="28" max_wait="28" min_spawn="4.6" max_spawn="4.6" min_density="1.6" max_density="1.6" cfg_ver="2" recommendation="false" difficulty="-2">
              <orders />
              <target type="dishes" count="20" />
            </sublevel>
          </level>
          <kits>
            <kit name="SousVide" />
            <kit name="OldmanSaltbush" />
            <kit name="Vegetables" />
            <kit name="PieFloater" />
            <kit name="Soup" />
            <kit name="PeaSoup" />
            <kit name="MintSauce" />
            <kit name="JuiceMix" />
          </kits>
          <upgrades>
            <upgrade name="SousVideMachine" value="1" />
            <upgrade name="OldmanSaltbushMachine" value="1" />
            <upgrade name="GarlicSauce" value="2" />
            <upgrade name="Vegetables" value="2" />
            <upgrade name="SousVidePlate" value="1" />
            <upgrade name="FishRaw" value="2" />
            <upgrade name="OldmanSaltbushRaw" value="2" />
            <upgrade name="PieFloaterMachine" value="1" />
            <upgrade name="PieFloaterPlate" value="1" />
            <upgrade name="Soup" value="2" />
            <upgrade name="TomatoSauce" value="2" />
            <upgrade name="MintSauce" value="2" />
            <upgrade name="PieRaw" value="2" />
            <upgrade name="BreadMachine" value="1" />
            <upgrade name="Oil" value="2" />
            <upgrade name="IceCream" value="2" />
            <upgrade name="JuiceRaw" value="2" />
            <upgrade name="JuiceMixMachine" value="1" />
          </upgrades>
        </level_info>
        <level_info>
          <level>
            <sublevel min_wait="22" max_wait="22" min_spawn="3.7" max_spawn="3.7" min_density="2.2" max_density="2.2" cfg_ver="2" recommendation="false" difficulty="-2">
              <orders />
              <target type="likes" count="12" />
              <limit type="not_overcook" />
            </sublevel>
          </level>
          <kits>
            <kit name="SousVide" />
            <kit name="OldmanSaltbush" />
            <kit name="GarlicSauce" />
            <kit name="Vegetables" />
            <kit name="PieFloater" />
            <kit name="Soup" />
            <kit name="PumpkinSoup" />
            <kit name="PeaSoup" />
            <kit name="MintSauce" />
            <kit name="MagicBread" />
            <kit name="Oil" />
            <kit name="JuiceMix" />
          </kits>
          <upgrades>
            <upgrade name="SousVideMachine" value="1" />
            <upgrade name="OldmanSaltbushMachine" value="1" />
            <upgrade name="GarlicSauce" value="2" />
            <upgrade name="Vegetables" value="2" />
            <upgrade name="SousVidePlate" value="1" />
            <upgrade name="FishRaw" value="2" />
            <upgrade name="OldmanSaltbushRaw" value="2" />
            <upgrade name="PieFloaterMachine" value="1" />
            <upgrade name="PieFloaterPlate" value="1" />
            <upgrade name="Soup" value="2" />
            <upgrade name="TomatoSauce" value="2" />
            <upgrade name="MintSauce" value="2" />
            <upgrade name="PieRaw" value="2" />
            <upgrade name="BreadMachine" value="1" />
            <upgrade name="Oil" value="2" />
            <upgrade name="IceCream" value="2" />
            <upgrade name="JuiceRaw" value="2" />
            <upgrade name="JuiceMixMachine" value="1" />
          </upgrades>
        </level_info>
        <level_info>
          <level>
            <sublevel min_wait="15" max_wait="15" timer="95" min_density="2.3" max_density="2.3" cfg_ver="2" recommendation="false" difficulty="-2">
              <orders />
              <target type="dishes" count="47" />
              <limit type="dont_use_trash" />
            </sublevel>
          </level>
          <kits>
            <kit name="SousVide" />
            <kit name="OldmanSaltbush" />
            <kit name="GarlicSauce" />
            <kit name="Vegetables" />
            <kit name="PieFloater" />
            <kit name="Soup" />
            <kit name="PumpkinSoup" />
            <kit name="PeaSoup" />
            <kit name="TomatoSauce" />
            <kit name="MintSauce" />
            <kit name="MagicBread" />
            <kit name="Oil" />
            <kit name="IceCream" />
            <kit name="JuiceMix" />
          </kits>
          <upgrades>
            <upgrade name="SousVideMachine" value="2" />
            <upgrade name="OldmanSaltbushMachine" value="1" />
            <upgrade name="GarlicSauce" value="2" />
            <upgrade name="Vegetables" value="2" />
            <upgrade name="SousVidePlate" value="2" />
            <upgrade name="FishRaw" value="2" />
            <upgrade name="OldmanSaltbushRaw" value="2" />
            <upgrade name="PieFloaterMachine" value="2" />
            <upgrade name="PieFloaterPlate" value="2" />
            <upgrade name="Soup" value="2" />
            <upgrade name="TomatoSauce" value="2" />
            <upgrade name="MintSauce" value="2" />
            <upgrade name="PieRaw" value="2" />
            <upgrade name="BreadMachine" value="1" />
            <upgrade name="Oil" value="2" />
            <upgrade name="IceCream" value="2" />
            <upgrade name="JuiceRaw" value="2" />
            <upgrade name="JuiceMixMachine" value="1" />
          </upgrades>
        </level_info>
        <level_info>
          <level>
            <sublevel min_wait="8" max_wait="8" min_spawn="2.7" max_spawn="2.7" min_density="2.6" max_density="2.6" cfg_ver="2" recommendation="false" difficulty="-2">
              <orders />
              <target type="dishes" count="44" />
              <limit type="not_away_visitors" />
            </sublevel>
          </level>
          <kits>
            <kit name="SousVide" />
            <kit name="OldmanSaltbush" />
            <kit name="GarlicSauce" />
            <kit name="Vegetables" />
            <kit name="PieFloater" />
            <kit name="Soup" />
            <kit name="PumpkinSoup" />
            <kit name="PeaSoup" />
            <kit name="TomatoSauce" />
            <kit name="MintSauce" />
            <kit name="MagicBread" />
            <kit name="Oil" />
            <kit name="IceCream" />
            <kit name="JuiceMix" />
          </kits>
          <upgrades>
            <upgrade name="SousVideMachine" value="2" />
            <upgrade name="OldmanSaltbushMachine" value="2" />
            <upgrade name="GarlicSauce" value="2" />
            <upgrade name="Vegetables" value="2" />
            <upgrade name="SousVidePlate" value="2" />
            <upgrade name="FishRaw" value="2" />
            <upgrade name="OldmanSaltbushRaw" value="2" />
            <upgrade name="PieFloaterMachine" value="2" />
            <upgrade name="PieFloaterPlate" value="2" />
            <upgrade name="Soup" value="2" />
            <upgrade name="TomatoSauce" value="2" />
            <upgrade name="MintSauce" value="2" />
            <upgrade name="PieRaw" value="2" />
            <upgrade name="BreadMachine" value="2" />
            <upgrade name="Oil" value="2" />
            <upgrade name="IceCream" value="2" />
            <upgrade name="JuiceRaw" value="2" />
            <upgrade name="JuiceMixMachine" value="2" />
          </upgrades>
        </level_info>
        <extra_point_level_reward default_reward="0" />
      </region>
      <region cfg_ver="1">
        <level_info>
          <level>
            <sublevel min_wait="16" max_wait="16" min_spawn="3" max_spawn="3" min_density="2" max_density="2" combo="-5" cfg_ver="2" recommendation="false" difficulty="-2">
              <orders />
              <target type="money" count="460" />
              <limit type="not_away_visitors" />
            </sublevel>
          </level>
          <kits>
            <kit name="CrocodileMeat" />
            <kit name="TropicalSauce" />
            <kit name="Salad" />
            <kit name="Seafood" />
            <kit name="Shrimp" />
            <kit name="Octopus" />
            <kit name="Cake" />
            <kit name="Strawberry" />
            <kit name="Blackberry" />
            <kit name="Coffee" />
          </kits>
          <upgrades>
            <upgrade name="CrocodileMeatLeftRaw" value="2" />
            <upgrade name="Pan" value="0" />
            <upgrade name="MeatPlate" value="0" />
            <upgrade name="Salad" value="2" />
            <upgrade name="Tomato" value="2" />
            <upgrade name="TropicalSauce" value="2" />
            <upgrade name="ShrimpRaw" value="2" />
            <upgrade name="OctopusRaw" value="2" />
            <upgrade name="Oyster" value="2" />
            <upgrade name="SeafoodPot" value="0" />
            <upgrade name="Mixer" value="0" />
            <upgrade name="Oven" value="0" />
            <upgrade name="CakeLayerRaw" value="2" />
            <upgrade name="Supplements" value="2" />
            <upgrade name="FridgeMachine" value="0" />
            <upgrade name="IceCoffeeRaw" value="2" />
            <upgrade name="CoffeeMachine" value="0" />
          </upgrades>
        </level_info>
        <level_info>
          <level>
            <sublevel min_wait="10" max_wait="10" min_spawn="2.5" max_spawn="2.5" min_density="2.5" max_density="2.5" min_combo_lvl="0.9" max_combo_lvl="0.9" cfg_ver="2" recommendation="false" difficulty="-2">
              <orders />
              <target type="money" count="1790" />
              <limit type="not_overcook" />
            </sublevel>
          </level>
          <kits>
            <kit name="CrocodileMeat" />
            <kit name="TropicalSauce" />
            <kit name="Salad" />
            <kit name="Seafood" />
            <kit name="Shrimp" />
            <kit name="Octopus" />
            <kit name="Oyster" />
            <kit name="Cake" />
            <kit name="Strawberry" />
            <kit name="Blackberry" />
            <kit name="Coffee" />
          </kits>
          <upgrades>
            <upgrade name="CrocodileMeatLeftRaw" value="2" />
            <upgrade name="Pan" value="0" />
            <upgrade name="MeatPlate" value="0" />
            <upgrade name="Salad" value="2" />
            <upgrade name="Tomato" value="2" />
            <upgrade name="TropicalSauce" value="2" />
            <upgrade name="ShrimpRaw" value="2" />
            <upgrade name="OctopusRaw" value="2" />
            <upgrade name="Oyster" value="2" />
            <upgrade name="SeafoodPot" value="1" />
            <upgrade name="Mixer" value="1" />
            <upgrade name="Oven" value="1" />
            <upgrade name="CakeLayerRaw" value="2" />
            <upgrade name="Supplements" value="2" />
            <upgrade name="FridgeMachine" value="1" />
            <upgrade name="IceCoffeeRaw" value="2" />
            <upgrade name="CoffeeMachine" value="1" />
          </upgrades>
        </level_info>
        <level_info>
          <level>
            <sublevel min_wait="8" max_wait="8" max_spawn="1" min_density="3" cfg_ver="2" recommendation="false" difficulty="-2">
              <orders />
              <target type="dishes" count="68" />
              <limit type="dont_use_trash" />
            </sublevel>
          </level>
          <kits>
            <kit name="CrocodileMeat" />
            <kit name="TropicalSauce" />
            <kit name="Salad" />
            <kit name="Tomato" />
            <kit name="Seafood" />
            <kit name="Shrimp" />
            <kit name="Octopus" />
            <kit name="Oyster" />
            <kit name="Cake" />
            <kit name="Strawberry" />
            <kit name="Blackberry" />
            <kit name="Coffee" />
          </kits>
          <upgrades>
            <upgrade name="CrocodileMeatLeftRaw" value="2" />
            <upgrade name="Pan" value="1" />
            <upgrade name="MeatPlate" value="1" />
            <upgrade name="Salad" value="2" />
            <upgrade name="Tomato" value="2" />
            <upgrade name="TropicalSauce" value="2" />
            <upgrade name="ShrimpRaw" value="2" />
            <upgrade name="OctopusRaw" value="2" />
            <upgrade name="Oyster" value="2" />
            <upgrade name="SeafoodPot" value="2" />
            <upgrade name="Mixer" value="1" />
            <upgrade name="Oven" value="1" />
            <upgrade name="CakeLayerRaw" value="2" />
            <upgrade name="Supplements" value="2" />
            <upgrade name="FridgeMachine" value="2" />
            <upgrade name="IceCoffeeRaw" value="2" />
            <upgrade name="CoffeeMachine" value="2" />
          </upgrades>
        </level_info>
        <level_info>
          <level>
            <sublevel min_wait="13" max_wait="13" timer="83" min_density="2.9" max_density="2.9" cfg_ver="2" recommendation="false" difficulty="-2">
              <orders />
              <target type="dishes" count="57" />
              <limit type="dont_use_trash" />
            </sublevel>
          </level>
          <kits>
            <kit name="CrocodileMeat" />
            <kit name="TropicalSauce" />
            <kit name="Salad" />
            <kit name="Tomato" />
            <kit name="Seafood" />
            <kit name="Shrimp" />
            <kit name="Octopus" />
            <kit name="Oyster" />
            <kit name="Cake" />
            <kit name="Kiwi" />
            <kit name="Strawberry" />
            <kit name="Blackberry" />
            <kit name="Coffee" />
          </kits>
          <upgrades>
            <upgrade name="CrocodileMeatLeftRaw" value="2" />
            <upgrade name="Pan" value="2" />
            <upgrade name="MeatPlate" value="2" />
            <upgrade name="Salad" value="2" />
            <upgrade name="Tomato" value="2" />
            <upgrade name="TropicalSauce" value="2" />
            <upgrade name="ShrimpRaw" value="2" />
            <upgrade name="OctopusRaw" value="2" />
            <upgrade name="Oyster" value="2" />
            <upgrade name="SeafoodPot" value="2" />
            <upgrade name="Mixer" value="2" />
            <upgrade name="Oven" value="2" />
            <upgrade name="CakeLayerRaw" value="2" />
            <upgrade name="Supplements" value="2" />
            <upgrade name="FridgeMachine" value="2" />
            <upgrade name="IceCoffeeRaw" value="2" />
            <upgrade name="CoffeeMachine" value="2" />
          </upgrades>
        </level_info>
        <level_info>
          <level>
            <sublevel min_wait="15" max_wait="15" timer="80" min_density="3" cfg_ver="2" recommendation="false" difficulty="-2">
              <orders />
              <target type="likes" count="21" />
              <limit type="not_overcook" />
            </sublevel>
          </level>
          <kits>
            <kit name="CrocodileMeat" />
            <kit name="TropicalSauce" />
            <kit name="Salad" />
            <kit name="Tomato" />
            <kit name="Seafood" />
            <kit name="Shrimp" />
            <kit name="Octopus" />
            <kit name="Oyster" />
            <kit name="Cake" />
            <kit name="Kiwi" />
            <kit name="Strawberry" />
            <kit name="Blackberry" />
            <kit name="Coffee" />
          </kits>
          <upgrades>
            <upgrade name="CrocodileMeatLeftRaw" value="2" />
            <upgrade name="Pan" value="2" />
            <upgrade name="MeatPlate" value="2" />
            <upgrade name="Salad" value="2" />
            <upgrade name="Tomato" value="2" />
            <upgrade name="TropicalSauce" value="2" />
            <upgrade name="ShrimpRaw" value="2" />
            <upgrade name="OctopusRaw" value="2" />
            <upgrade name="Oyster" value="2" />
            <upgrade name="SeafoodPot" value="2" />
            <upgrade name="Mixer" value="2" />
            <upgrade name="Oven" value="2" />
            <upgrade name="CakeLayerRaw" value="2" />
            <upgrade name="Supplements" value="2" />
            <upgrade name="FridgeMachine" value="2" />
            <upgrade name="IceCoffeeRaw" value="2" />
            <upgrade name="CoffeeMachine" value="2" />
          </upgrades>
        </level_info>
        <extra_point_level_reward default_reward="0" />
      </region>
    </city>
  </cities>
</root>