<?xml version="1.0" encoding="utf-8"?>
<root>
  <common unlock_level="((NewYork,2),15)" />
  <events>
    <event cfg_ver="2" name="Chef_Sweep_2024_12_13" start="2024-12-13 19-00" duration="24" ignore_custom_level="true">
      <gold_visitor pause_level_timer="false" lock_visitors="false" wait_timer_coef="1" tip_coef="2" order_count="5" />
      <steps>
        <step cfg_ver="1" progress="1" golden_visitor="false">
          <bonus cfg_ver="1" name="TimedNotOvercook" duration="30" />
        </step>
        <step cfg_ver="1" progress="4" golden_visitor="false">
          <bonus cfg_ver="1" name="TimedNotOvercook" duration="30" />
          <bonus cfg_ver="1" name="TimedChefHelping" duration="20" />
        </step>
        <step cfg_ver="1" progress="7" golden_visitor="true">
          <bonus cfg_ver="1" name="TimedNotOvercook" duration="30" />
          <bonus cfg_ver="1" name="TimedChefHelping" duration="20" />
        </step>
      </steps>
    </event>
    <event cfg_ver="2" name="Chef_Sweep_2024_12_20" start="2024-12-20 19-00" duration="24" ignore_custom_level="true">
      <gold_visitor pause_level_timer="false" lock_visitors="false" wait_timer_coef="1" tip_coef="2" order_count="5" />
      <steps>
        <step cfg_ver="1" progress="1" golden_visitor="false">
          <bonus cfg_ver="1" name="TimedNotOvercook" duration="30" />
        </step>
        <step cfg_ver="1" progress="4" golden_visitor="false">
          <bonus cfg_ver="1" name="TimedNotOvercook" duration="30" />
          <bonus cfg_ver="1" name="TimedChefHelping" duration="20" />
        </step>
        <step cfg_ver="1" progress="7" golden_visitor="true">
          <bonus cfg_ver="1" name="TimedNotOvercook" duration="30" />
          <bonus cfg_ver="1" name="TimedChefHelping" duration="20" />
        </step>
      </steps>
    </event>
    <event cfg_ver="2" name="Chef_Sweep_2024_12_27" start="2024-12-27 19-00" duration="24" ignore_custom_level="true">
      <gold_visitor pause_level_timer="false" lock_visitors="false" wait_timer_coef="1" tip_coef="2" order_count="5" />
      <steps>
        <step cfg_ver="1" progress="1" golden_visitor="false">
          <bonus cfg_ver="1" name="TimedNotOvercook" duration="30" />
        </step>
        <step cfg_ver="1" progress="4" golden_visitor="false">
          <bonus cfg_ver="1" name="TimedNotOvercook" duration="30" />
          <bonus cfg_ver="1" name="TimedChefHelping" duration="20" />
        </step>
        <step cfg_ver="1" progress="7" golden_visitor="true">
          <bonus cfg_ver="1" name="TimedNotOvercook" duration="30" />
          <bonus cfg_ver="1" name="TimedChefHelping" duration="20" />
        </step>
      </steps>
    </event>
    <event cfg_ver="2" name="Chef_Sweep_2025_01_03" start="2025-01-03 19-00" duration="24" ignore_custom_level="true">
      <gold_visitor pause_level_timer="false" lock_visitors="false" wait_timer_coef="1" tip_coef="2" order_count="5" />
      <steps>
        <step cfg_ver="1" progress="1" golden_visitor="false">
          <bonus cfg_ver="1" name="TimedNotOvercook" duration="30" />
        </step>
        <step cfg_ver="1" progress="4" golden_visitor="false">
          <bonus cfg_ver="1" name="TimedNotOvercook" duration="30" />
          <bonus cfg_ver="1" name="TimedChefHelping" duration="20" />
        </step>
        <step cfg_ver="1" progress="7" golden_visitor="true">
          <bonus cfg_ver="1" name="TimedNotOvercook" duration="30" />
          <bonus cfg_ver="1" name="TimedChefHelping" duration="20" />
        </step>
      </steps>
    </event>
    <event cfg_ver="2" name="Chef_Sweep_2025_01_10" start="2025-01-10 19-00" duration="24" ignore_custom_level="true">
      <gold_visitor pause_level_timer="false" lock_visitors="false" wait_timer_coef="1" tip_coef="2" order_count="5" />
      <steps>
        <step cfg_ver="1" progress="1" golden_visitor="false">
          <bonus cfg_ver="1" name="TimedNotOvercook" duration="30" />
        </step>
        <step cfg_ver="1" progress="4" golden_visitor="false">
          <bonus cfg_ver="1" name="TimedNotOvercook" duration="30" />
          <bonus cfg_ver="1" name="TimedChefHelping" duration="20" />
        </step>
        <step cfg_ver="1" progress="7" golden_visitor="true">
          <bonus cfg_ver="1" name="TimedNotOvercook" duration="30" />
          <bonus cfg_ver="1" name="TimedChefHelping" duration="20" />
        </step>
      </steps>
    </event>
    <event cfg_ver="2" name="Chef_Sweep_2025_01_17" start="2025-01-17 19-00" duration="24" ignore_custom_level="true">
      <gold_visitor pause_level_timer="false" lock_visitors="false" wait_timer_coef="1" tip_coef="2" order_count="5" />
      <steps>
        <step cfg_ver="1" progress="1" golden_visitor="false">
          <bonus cfg_ver="1" name="TimedNotOvercook" duration="30" />
        </step>
        <step cfg_ver="1" progress="4" golden_visitor="false">
          <bonus cfg_ver="1" name="TimedNotOvercook" duration="30" />
          <bonus cfg_ver="1" name="TimedChefHelping" duration="20" />
        </step>
        <step cfg_ver="1" progress="7" golden_visitor="true">
          <bonus cfg_ver="1" name="TimedNotOvercook" duration="30" />
          <bonus cfg_ver="1" name="TimedChefHelping" duration="20" />
        </step>
      </steps>
    </event>
    <event cfg_ver="2" name="Chef_Sweep_2025_01_24" start="2025-01-24 19-00" duration="24" ignore_custom_level="true">
      <gold_visitor pause_level_timer="false" lock_visitors="false" wait_timer_coef="1" tip_coef="2" order_count="5" />
      <steps>
        <step cfg_ver="1" progress="1" golden_visitor="false">
          <bonus cfg_ver="1" name="TimedNotOvercook" duration="30" />
        </step>
        <step cfg_ver="1" progress="4" golden_visitor="false">
          <bonus cfg_ver="1" name="TimedNotOvercook" duration="30" />
          <bonus cfg_ver="1" name="TimedChefHelping" duration="20" />
        </step>
        <step cfg_ver="1" progress="7" golden_visitor="true">
          <bonus cfg_ver="1" name="TimedNotOvercook" duration="30" />
          <bonus cfg_ver="1" name="TimedChefHelping" duration="20" />
        </step>
      </steps>
    </event>
    <event cfg_ver="2" name="Chef_Sweep_2025_01_31" start="2025-01-31 19-00" duration="24" ignore_custom_level="true">
      <gold_visitor pause_level_timer="false" lock_visitors="false" wait_timer_coef="1" tip_coef="2" order_count="5" />
      <steps>
        <step cfg_ver="1" progress="1" golden_visitor="false">
          <bonus cfg_ver="1" name="TimedNotOvercook" duration="30" />
        </step>
        <step cfg_ver="1" progress="4" golden_visitor="false">
          <bonus cfg_ver="1" name="TimedNotOvercook" duration="30" />
          <bonus cfg_ver="1" name="TimedChefHelping" duration="20" />
        </step>
        <step cfg_ver="1" progress="7" golden_visitor="true">
          <bonus cfg_ver="1" name="TimedNotOvercook" duration="30" />
          <bonus cfg_ver="1" name="TimedChefHelping" duration="20" />
        </step>
      </steps>
    </event>
    <event cfg_ver="2" name="Chef_Sweep_2025_02_07" start="2025-02-07 19-00" duration="24" ignore_custom_level="true">
      <gold_visitor pause_level_timer="false" lock_visitors="false" wait_timer_coef="1" tip_coef="2" order_count="5" />
      <steps>
        <step cfg_ver="1" progress="1" golden_visitor="false">
          <bonus cfg_ver="1" name="TimedNotOvercook" duration="30" />
        </step>
        <step cfg_ver="1" progress="4" golden_visitor="false">
          <bonus cfg_ver="1" name="TimedNotOvercook" duration="30" />
          <bonus cfg_ver="1" name="TimedChefHelping" duration="20" />
        </step>
        <step cfg_ver="1" progress="7" golden_visitor="true">
          <bonus cfg_ver="1" name="TimedNotOvercook" duration="30" />
          <bonus cfg_ver="1" name="TimedChefHelping" duration="20" />
        </step>
      </steps>
    </event>
    <event cfg_ver="2" name="Chef_Sweep_2025_02_14" start="2025-02-14 19-00" duration="24" ignore_custom_level="true">
      <gold_visitor pause_level_timer="false" lock_visitors="false" wait_timer_coef="1" tip_coef="2" order_count="5" />
      <steps>
        <step cfg_ver="1" progress="1" golden_visitor="false">
          <bonus cfg_ver="1" name="TimedNotOvercook" duration="30" />
        </step>
        <step cfg_ver="1" progress="4" golden_visitor="false">
          <bonus cfg_ver="1" name="TimedNotOvercook" duration="30" />
          <bonus cfg_ver="1" name="TimedChefHelping" duration="20" />
        </step>
        <step cfg_ver="1" progress="7" golden_visitor="true">
          <bonus cfg_ver="1" name="TimedNotOvercook" duration="30" />
          <bonus cfg_ver="1" name="TimedChefHelping" duration="20" />
        </step>
      </steps>
    </event>
    <event cfg_ver="2" name="Chef_Sweep_2025_02_21" start="2025-02-21 19-00" duration="24" ignore_custom_level="true">
      <gold_visitor pause_level_timer="false" lock_visitors="false" wait_timer_coef="1" tip_coef="2" order_count="5" />
      <steps>
        <step cfg_ver="1" progress="1" golden_visitor="false">
          <bonus cfg_ver="1" name="TimedNotOvercook" duration="30" />
        </step>
        <step cfg_ver="1" progress="4" golden_visitor="false">
          <bonus cfg_ver="1" name="TimedNotOvercook" duration="30" />
          <bonus cfg_ver="1" name="TimedChefHelping" duration="20" />
        </step>
        <step cfg_ver="1" progress="7" golden_visitor="true">
          <bonus cfg_ver="1" name="TimedNotOvercook" duration="30" />
          <bonus cfg_ver="1" name="TimedChefHelping" duration="20" />
        </step>
      </steps>
    </event>
    <event cfg_ver="2" name="Chef_Sweep_2025_02_28" start="2025-02-28 19-00" duration="24" ignore_custom_level="true">
      <gold_visitor pause_level_timer="false" lock_visitors="false" wait_timer_coef="1" tip_coef="2" order_count="5" />
      <steps>
        <step cfg_ver="1" progress="1" golden_visitor="false">
          <bonus cfg_ver="1" name="TimedNotOvercook" duration="30" />
        </step>
        <step cfg_ver="1" progress="4" golden_visitor="false">
          <bonus cfg_ver="1" name="TimedNotOvercook" duration="30" />
          <bonus cfg_ver="1" name="TimedChefHelping" duration="20" />
        </step>
        <step cfg_ver="1" progress="7" golden_visitor="true">
          <bonus cfg_ver="1" name="TimedNotOvercook" duration="30" />
          <bonus cfg_ver="1" name="TimedChefHelping" duration="20" />
        </step>
      </steps>
    </event>
    <event cfg_ver="2" name="Chef_Sweep_2025_03_07" start="2025-03-07 19-00" duration="24" ignore_custom_level="true">
      <gold_visitor pause_level_timer="false" lock_visitors="false" wait_timer_coef="1" tip_coef="2" order_count="5" />
      <steps>
        <step cfg_ver="1" progress="1" golden_visitor="false">
          <bonus cfg_ver="1" name="TimedNotOvercook" duration="30" />
        </step>
        <step cfg_ver="1" progress="4" golden_visitor="false">
          <bonus cfg_ver="1" name="TimedNotOvercook" duration="30" />
          <bonus cfg_ver="1" name="TimedChefHelping" duration="20" />
        </step>
        <step cfg_ver="1" progress="7" golden_visitor="true">
          <bonus cfg_ver="1" name="TimedNotOvercook" duration="30" />
          <bonus cfg_ver="1" name="TimedChefHelping" duration="20" />
        </step>
      </steps>
    </event>
    <event cfg_ver="2" name="Chef_Sweep_2025_03_14" start="2025-03-14 19-00" duration="24" ignore_custom_level="true">
      <gold_visitor pause_level_timer="false" lock_visitors="false" wait_timer_coef="1" tip_coef="2" order_count="5" />
      <steps>
        <step cfg_ver="1" progress="1" golden_visitor="false">
          <bonus cfg_ver="1" name="TimedNotOvercook" duration="30" />
        </step>
        <step cfg_ver="1" progress="4" golden_visitor="false">
          <bonus cfg_ver="1" name="TimedNotOvercook" duration="30" />
          <bonus cfg_ver="1" name="TimedChefHelping" duration="20" />
        </step>
        <step cfg_ver="1" progress="7" golden_visitor="true">
          <bonus cfg_ver="1" name="TimedNotOvercook" duration="30" />
          <bonus cfg_ver="1" name="TimedChefHelping" duration="20" />
        </step>
      </steps>
    </event>
    <event cfg_ver="2" name="Chef_Sweep_2025_03_21" start="2025-03-21 19-00" duration="24" ignore_custom_level="true">
      <gold_visitor pause_level_timer="false" lock_visitors="false" wait_timer_coef="1" tip_coef="2" order_count="5" />
      <steps>
        <step cfg_ver="1" progress="1" golden_visitor="false">
          <bonus cfg_ver="1" name="TimedNotOvercook" duration="30" />
        </step>
        <step cfg_ver="1" progress="4" golden_visitor="false">
          <bonus cfg_ver="1" name="TimedNotOvercook" duration="30" />
          <bonus cfg_ver="1" name="TimedChefHelping" duration="20" />
        </step>
        <step cfg_ver="1" progress="7" golden_visitor="true">
          <bonus cfg_ver="1" name="TimedNotOvercook" duration="30" />
          <bonus cfg_ver="1" name="TimedChefHelping" duration="20" />
        </step>
      </steps>
    </event>
    <event cfg_ver="2" name="Chef_Sweep_2025_03_28" start="2025-03-28 19-00" duration="24" ignore_custom_level="true">
      <gold_visitor pause_level_timer="false" lock_visitors="false" wait_timer_coef="1" tip_coef="2" order_count="5" />
      <steps>
        <step cfg_ver="1" progress="1" golden_visitor="false">
          <bonus cfg_ver="1" name="TimedNotOvercook" duration="30" />
        </step>
        <step cfg_ver="1" progress="4" golden_visitor="false">
          <bonus cfg_ver="1" name="TimedNotOvercook" duration="30" />
          <bonus cfg_ver="1" name="TimedChefHelping" duration="20" />
        </step>
        <step cfg_ver="1" progress="7" golden_visitor="true">
          <bonus cfg_ver="1" name="TimedNotOvercook" duration="30" />
          <bonus cfg_ver="1" name="TimedChefHelping" duration="20" />
        </step>
      </steps>
    </event>
    <event cfg_ver="2" name="Chef_Sweep_2025_04_04" start="2025-04-04 19-00" duration="24" ignore_custom_level="true">
      <gold_visitor pause_level_timer="false" lock_visitors="false" wait_timer_coef="1" tip_coef="2" order_count="5" />
      <steps>
        <step cfg_ver="1" progress="1" golden_visitor="false">
          <bonus cfg_ver="1" name="TimedNotOvercook" duration="30" />
        </step>
        <step cfg_ver="1" progress="4" golden_visitor="false">
          <bonus cfg_ver="1" name="TimedNotOvercook" duration="30" />
          <bonus cfg_ver="1" name="TimedChefHelping" duration="20" />
        </step>
        <step cfg_ver="1" progress="7" golden_visitor="true">
          <bonus cfg_ver="1" name="TimedNotOvercook" duration="30" />
          <bonus cfg_ver="1" name="TimedChefHelping" duration="20" />
        </step>
      </steps>
    </event>
    <event cfg_ver="2" name="Chef_Sweep_2025_04_11" start="2025-04-11 19-00" duration="24" ignore_custom_level="true">
      <gold_visitor pause_level_timer="false" lock_visitors="false" wait_timer_coef="1" tip_coef="2" order_count="5" />
      <steps>
        <step cfg_ver="1" progress="1" golden_visitor="false">
          <bonus cfg_ver="1" name="TimedNotOvercook" duration="30" />
        </step>
        <step cfg_ver="1" progress="4" golden_visitor="false">
          <bonus cfg_ver="1" name="TimedNotOvercook" duration="30" />
          <bonus cfg_ver="1" name="TimedChefHelping" duration="20" />
        </step>
        <step cfg_ver="1" progress="7" golden_visitor="true">
          <bonus cfg_ver="1" name="TimedNotOvercook" duration="30" />
          <bonus cfg_ver="1" name="TimedChefHelping" duration="20" />
        </step>
      </steps>
    </event>
    <event cfg_ver="2" name="Chef_Sweep_2025_04_18" start="2025-04-18 19-00" duration="24" ignore_custom_level="true">
      <gold_visitor pause_level_timer="false" lock_visitors="false" wait_timer_coef="1" tip_coef="2" order_count="5" />
      <steps>
        <step cfg_ver="1" progress="1" golden_visitor="false">
          <bonus cfg_ver="1" name="TimedNotOvercook" duration="30" />
        </step>
        <step cfg_ver="1" progress="4" golden_visitor="false">
          <bonus cfg_ver="1" name="TimedNotOvercook" duration="30" />
          <bonus cfg_ver="1" name="TimedChefHelping" duration="20" />
        </step>
        <step cfg_ver="1" progress="7" golden_visitor="true">
          <bonus cfg_ver="1" name="TimedNotOvercook" duration="30" />
          <bonus cfg_ver="1" name="TimedChefHelping" duration="20" />
        </step>
      </steps>
    </event>
    <event cfg_ver="2" name="Chef_Sweep_2025_04_25" start="2025-04-25 19-00" duration="24" ignore_custom_level="true">
      <gold_visitor pause_level_timer="false" lock_visitors="false" wait_timer_coef="1" tip_coef="2" order_count="5" />
      <steps>
        <step cfg_ver="1" progress="1" golden_visitor="false">
          <bonus cfg_ver="1" name="TimedNotOvercook" duration="30" />
        </step>
        <step cfg_ver="1" progress="4" golden_visitor="false">
          <bonus cfg_ver="1" name="TimedNotOvercook" duration="30" />
          <bonus cfg_ver="1" name="TimedChefHelping" duration="20" />
        </step>
        <step cfg_ver="1" progress="7" golden_visitor="true">
          <bonus cfg_ver="1" name="TimedNotOvercook" duration="30" />
          <bonus cfg_ver="1" name="TimedChefHelping" duration="20" />
        </step>
      </steps>
    </event>
    <event cfg_ver="2" name="Chef_Sweep_2025_05_02" start="2025-05-02 19-00" duration="24" ignore_custom_level="true">
      <gold_visitor pause_level_timer="false" lock_visitors="false" wait_timer_coef="1" tip_coef="2" order_count="5" />
      <steps>
        <step cfg_ver="1" progress="1" golden_visitor="false">
          <bonus cfg_ver="1" name="TimedNotOvercook" duration="30" />
        </step>
        <step cfg_ver="1" progress="4" golden_visitor="false">
          <bonus cfg_ver="1" name="TimedNotOvercook" duration="30" />
          <bonus cfg_ver="1" name="TimedChefHelping" duration="20" />
        </step>
        <step cfg_ver="1" progress="7" golden_visitor="true">
          <bonus cfg_ver="1" name="TimedNotOvercook" duration="30" />
          <bonus cfg_ver="1" name="TimedChefHelping" duration="20" />
        </step>
      </steps>
    </event>
    <event cfg_ver="2" name="Chef_Sweep_2025_05_09" start="2025-05-09 19-00" duration="24" ignore_custom_level="true">
      <gold_visitor pause_level_timer="false" lock_visitors="false" wait_timer_coef="1" tip_coef="2" order_count="5" />
      <steps>
        <step cfg_ver="1" progress="1" golden_visitor="false">
          <bonus cfg_ver="1" name="TimedNotOvercook" duration="30" />
        </step>
        <step cfg_ver="1" progress="4" golden_visitor="false">
          <bonus cfg_ver="1" name="TimedNotOvercook" duration="30" />
          <bonus cfg_ver="1" name="TimedChefHelping" duration="20" />
        </step>
        <step cfg_ver="1" progress="7" golden_visitor="true">
          <bonus cfg_ver="1" name="TimedNotOvercook" duration="30" />
          <bonus cfg_ver="1" name="TimedChefHelping" duration="20" />
        </step>
      </steps>
    </event>
    <event cfg_ver="2" name="Chef_Sweep_2025_05_16" start="2025-05-16 19-00" duration="24" ignore_custom_level="true">
      <gold_visitor pause_level_timer="false" lock_visitors="false" wait_timer_coef="1" tip_coef="2" order_count="5" />
      <steps>
        <step cfg_ver="1" progress="1" golden_visitor="false">
          <bonus cfg_ver="1" name="TimedNotOvercook" duration="30" />
        </step>
        <step cfg_ver="1" progress="4" golden_visitor="false">
          <bonus cfg_ver="1" name="TimedNotOvercook" duration="30" />
          <bonus cfg_ver="1" name="TimedChefHelping" duration="20" />
        </step>
        <step cfg_ver="1" progress="7" golden_visitor="true">
          <bonus cfg_ver="1" name="TimedNotOvercook" duration="30" />
          <bonus cfg_ver="1" name="TimedChefHelping" duration="20" />
        </step>
      </steps>
    </event>
    <event cfg_ver="2" name="Chef_Sweep_2025_05_23" start="2025-05-23 19-00" duration="24" ignore_custom_level="true">
      <gold_visitor pause_level_timer="false" lock_visitors="false" wait_timer_coef="1" tip_coef="2" order_count="5" />
      <steps>
        <step cfg_ver="1" progress="1" golden_visitor="false">
          <bonus cfg_ver="1" name="TimedNotOvercook" duration="30" />
        </step>
        <step cfg_ver="1" progress="4" golden_visitor="false">
          <bonus cfg_ver="1" name="TimedNotOvercook" duration="30" />
          <bonus cfg_ver="1" name="TimedChefHelping" duration="20" />
        </step>
        <step cfg_ver="1" progress="7" golden_visitor="true">
          <bonus cfg_ver="1" name="TimedNotOvercook" duration="30" />
          <bonus cfg_ver="1" name="TimedChefHelping" duration="20" />
        </step>
      </steps>
    </event>
    <event cfg_ver="2" name="Chef_Sweep_2025_05_30" start="2025-05-30 19-00" duration="24" ignore_custom_level="true">
      <gold_visitor pause_level_timer="false" lock_visitors="false" wait_timer_coef="1" tip_coef="2" order_count="5" />
      <steps>
        <step cfg_ver="1" progress="1" golden_visitor="false">
          <bonus cfg_ver="1" name="TimedNotOvercook" duration="30" />
        </step>
        <step cfg_ver="1" progress="4" golden_visitor="false">
          <bonus cfg_ver="1" name="TimedNotOvercook" duration="30" />
          <bonus cfg_ver="1" name="TimedChefHelping" duration="20" />
        </step>
        <step cfg_ver="1" progress="7" golden_visitor="true">
          <bonus cfg_ver="1" name="TimedNotOvercook" duration="30" />
          <bonus cfg_ver="1" name="TimedChefHelping" duration="20" />
        </step>
      </steps>
    </event>
  </events>
</root>