<?xml version="1.0" encoding="utf-8"?>
<root>
  <common unlock_level="((NewYork,1),2)" />
  <drop_types>
    <event_drop name="DailyReward" points="1" />
    <event_drop name="FinishRestaurant" points="10" />
    <event_drop name="FinishCity" points="20" />
    <event_drop name="FoodTruck" points="30" />
    <event_drop name="LargeFoodTruck1" points="10" />
    <event_drop name="LargeFoodTruck2" points="10" />
    <event_drop name="LargeFoodTruck3" points="30" />
    <event_drop name="DinerIntermediate" points="10" />
    <event_drop name="DinerFinish" points="30" />
    <event_drop name="FoodCourt1" points="10" />
    <event_drop name="FoodCourt2" points="10" />
    <event_drop name="FoodCourt3" points="30" />
    <event_drop name="TournamentTop10" points="5" />
    <event_drop name="TournamentTop3" points="20" />
    <event_drop name="TournamentTop1" points="20" />
    <event_drop name="ExtraContent1" points="10" />
    <event_drop name="ExtraContent2" points="10" />
    <event_drop name="ExtraContent3" points="10" />
    <event_drop name="ExtraContent4" points="30" />
    <event_drop name="ExtraContentSide1" points="10" />
    <event_drop name="ExtraContentSide2" points="10" />
    <event_drop name="ExtraContentSide3" points="10" />
    <event_drop name="ServeStreak1" points="5" />
    <event_drop name="ServeStreak2" points="10" />
    <event_drop name="ServeStreak3" points="30" />
    <event_drop name="DailyTask1" points="1" />
    <event_drop name="DailyTask2" points="2" />
    <event_drop name="DailyTask3" points="3" />
    <event_drop name="TournamentIndividual1" points="5" />
    <event_drop name="TournamentIndividual2" points="10" />
    <event_drop name="TournamentIndividual3" points="15" />
    <event_drop name="ChefCard1" points="10" />
    <event_drop name="ChefCard2" points="10" />
    <event_drop name="ChefCard3" points="10" />
    <event_drop name="ChefCard4" points="10" />
    <event_drop name="ChefCardFinish" points="20" />
    <event_drop name="FinishLinearLevelTier1" points="1" />
    <event_drop name="FinishLinearLevelTier2" points="1" />
    <event_drop name="FinishLinearLevelTier3" points="1" />
  </drop_types>
  <event cfg_ver="3" name="Battle_Pass_2024_12_01_77" start="2024-12-01 00-00" duration="743" decorations="Nutcracker" main_bundle="battle_pass_nutcracker_extra_15" use_special_notification="true">
    <multipliere_event start="2024-12-16 19-00" end="2024-12-17 19-00" duration="24" multiplier="2" />
    <reward_point cfg_ver="2" value="1" milestone="false">
      <reward_type cfg_ver="5" premium="true" chest="false" skip_if_exists="true">
        <reward>
          <avatar name="(BattlePassNutcracker,1,False)" />
        </reward>
      </reward_type>
      <reward_type cfg_ver="5" premium="true" chest="false" skip_if_exists="false">
        <reward>
          <booster name="SuperCombo" value="0" endless_duration="20" />
        </reward>
      </reward_type>
      <reward_type cfg_ver="5" premium="false" chest="false" skip_if_exists="false">
        <reward>
          <booster name="Immortality" value="30" />
        </reward>
      </reward_type>
    </reward_point>
    <reward_point cfg_ver="2" value="3" milestone="false">
      <reward_type cfg_ver="5" premium="true" chest="false" skip_if_exists="false">
        <reward>
          <chest_ticket name="Bronze" value="20" />
        </reward>
      </reward_type>
      <reward_type cfg_ver="5" premium="false" chest="false" skip_if_exists="false">
        <reward>
          <chest_ticket name="Bronze" value="10" />
        </reward>
      </reward_type>
    </reward_point>
    <reward_point cfg_ver="2" value="6" milestone="false">
      <reward_type cfg_ver="5" premium="true" chest="false" skip_if_exists="false">
        <reward>
          <booster name="Immortality" value="60" />
        </reward>
      </reward_type>
      <reward_type cfg_ver="5" premium="false" chest="false" skip_if_exists="false">
        <reward>
          <booster name="NotOvercook" value="0" endless_duration="10" />
        </reward>
      </reward_type>
    </reward_point>
    <reward_point cfg_ver="2" value="10" milestone="true">
      <reward_type cfg_ver="5" premium="true" chest="false" skip_if_exists="false">
        <reward>
          <booster name="ChefHelping" value="0" endless_duration="20" />
        </reward>
      </reward_type>
      <reward_type cfg_ver="5" premium="false" chest="false" skip_if_exists="true">
        <reward>
          <avatar name="(BattlePassNutcracker,0,False)" />
        </reward>
      </reward_type>
      <reward_type cfg_ver="5" premium="false" chest="false" skip_if_exists="false">
        <reward>
          <booster name="Waiter" value="0" endless_duration="30" />
        </reward>
      </reward_type>
    </reward_point>
    <reward_point cfg_ver="2" value="15" upsell_tutorial="true" milestone="false">
      <reward_type cfg_ver="5" premium="true" chest="false" skip_if_exists="false">
        <reward>
          <chest_ticket name="Bronze" value="30" />
        </reward>
      </reward_type>
      <reward_type cfg_ver="5" premium="false" chest="false" skip_if_exists="false">
        <reward>
          <chest_ticket name="Bronze" value="20" />
        </reward>
      </reward_type>
    </reward_point>
    <reward_point cfg_ver="2" value="20" milestone="false">
      <reward_type cfg_ver="5" premium="true" chest="false" skip_if_exists="false">
        <reward>
          <chest_ticket name="Silver" value="25" />
        </reward>
      </reward_type>
      <reward_type cfg_ver="5" premium="false" chest="false" skip_if_exists="false">
        <reward>
          <chest_ticket name="Silver" value="15" />
        </reward>
      </reward_type>
    </reward_point>
    <reward_point cfg_ver="2" value="25" milestone="false">
      <reward_type cfg_ver="5" premium="true" chest="false" skip_if_exists="false">
        <reward>
          <booster name="NotOvercook" value="0" endless_duration="20" />
        </reward>
      </reward_type>
      <reward_type cfg_ver="5" premium="false" chest="false" skip_if_exists="false">
        <reward>
          <booster name="ChefHelping" value="0" endless_duration="10" />
        </reward>
      </reward_type>
    </reward_point>
    <reward_point cfg_ver="2" value="32" milestone="false">
      <reward_type cfg_ver="5" premium="true" chest="false" skip_if_exists="false">
        <reward>
          <chest_ticket name="Golden" value="15" />
        </reward>
      </reward_type>
      <reward_type cfg_ver="5" premium="false" chest="false" skip_if_exists="false">
        <reward>
          <chest_ticket name="Golden" value="5" />
        </reward>
      </reward_type>
    </reward_point>
    <reward_point cfg_ver="2" value="39" milestone="true">
      <reward_type cfg_ver="5" premium="true" chest="true" chest_index="1" skip_if_exists="false">
        <reward>
          <booster name="ChefHelping" value="1" />
          <chest_ticket name="Bronze" value="35" />
          <chest_ticket name="Silver" value="15" />
          <chest_ticket name="Golden" value="5" />
        </reward>
      </reward_type>
      <reward_type cfg_ver="5" premium="false" chest="true" skip_if_exists="false">
        <reward>
          <chest_ticket name="Bronze" value="20" />
          <chest_ticket name="Silver" value="10" />
          <chest_ticket name="Golden" value="5" />
        </reward>
      </reward_type>
    </reward_point>
    <reward_point cfg_ver="2" value="46" upsell_tutorial="true" milestone="false">
      <reward_type cfg_ver="5" premium="true" chest="false" skip_if_exists="false">
        <reward>
          <chest_ticket name="Silver" value="25" />
        </reward>
      </reward_type>
      <reward_type cfg_ver="5" premium="false" chest="false" skip_if_exists="false">
        <reward>
          <chest_ticket name="Silver" value="15" />
        </reward>
      </reward_type>
    </reward_point>
    <reward_point cfg_ver="2" value="53" milestone="false">
      <reward_type cfg_ver="5" premium="true" chest="false" skip_if_exists="false">
        <reward>
          <booster name="SuperCombo" value="0" endless_duration="20" />
        </reward>
      </reward_type>
      <reward_type cfg_ver="5" premium="false" chest="false" skip_if_exists="false">
        <reward>
          <booster name="Immortality" value="30" />
        </reward>
      </reward_type>
    </reward_point>
    <reward_point cfg_ver="2" value="61" milestone="false">
      <reward_type cfg_ver="5" premium="true" chest="false" skip_if_exists="false">
        <reward>
          <chest_ticket name="Golden" value="20" />
        </reward>
      </reward_type>
      <reward_type cfg_ver="5" premium="false" chest="false" skip_if_exists="false">
        <reward>
          <chest_ticket name="Golden" value="10" />
        </reward>
      </reward_type>
    </reward_point>
    <reward_point cfg_ver="2" value="69" milestone="false">
      <reward_type cfg_ver="5" premium="true" chest="false" skip_if_exists="false">
        <reward>
          <booster name="Waiter" value="0" endless_duration="20" />
        </reward>
      </reward_type>
      <reward_type cfg_ver="5" premium="false" chest="false" skip_if_exists="false">
        <reward>
          <booster name="SuperCombo" value="0" endless_duration="10" />
        </reward>
      </reward_type>
    </reward_point>
    <reward_point cfg_ver="2" value="77" milestone="true">
      <reward_type cfg_ver="5" premium="true" chest="true" chest_index="1" skip_if_exists="false">
        <reward>
          <booster name="NotOvercook" value="1" />
          <chest_ticket name="Bronze" value="40" />
          <chest_ticket name="Silver" value="10" />
          <chest_ticket name="Golden" value="5" />
        </reward>
      </reward_type>
      <reward_type cfg_ver="5" premium="false" chest="true" skip_if_exists="false">
        <reward>
          <chest_ticket name="Bronze" value="20" />
          <chest_ticket name="Silver" value="10" />
          <chest_ticket name="Golden" value="5" />
        </reward>
      </reward_type>
    </reward_point>
    <reward_point cfg_ver="2" value="85" upsell_tutorial="true" milestone="false">
      <reward_type cfg_ver="5" premium="true" chest="false" skip_if_exists="false">
        <reward>
          <chest_ticket name="Silver" value="30" />
        </reward>
      </reward_type>
      <reward_type cfg_ver="5" premium="false" chest="false" skip_if_exists="false">
        <reward>
          <chest_ticket name="Silver" value="20" />
        </reward>
      </reward_type>
    </reward_point>
    <reward_point cfg_ver="2" value="94" milestone="false">
      <reward_type cfg_ver="5" premium="true" chest="false" skip_if_exists="false">
        <reward>
          <chest_ticket name="Golden" value="15" />
        </reward>
      </reward_type>
      <reward_type cfg_ver="5" premium="false" chest="false" skip_if_exists="false">
        <reward>
          <chest_ticket name="Golden" value="5" />
        </reward>
      </reward_type>
    </reward_point>
    <reward_point cfg_ver="2" value="103" milestone="false">
      <reward_type cfg_ver="5" premium="true" chest="false" skip_if_exists="false">
        <reward>
          <booster name="Immortality" value="60" />
        </reward>
      </reward_type>
      <reward_type cfg_ver="5" premium="false" chest="false" skip_if_exists="false">
        <reward>
          <booster name="NotOvercook" value="0" endless_duration="20" />
        </reward>
      </reward_type>
    </reward_point>
    <reward_point cfg_ver="2" value="112" milestone="false">
      <reward_type cfg_ver="5" premium="true" chest="false" skip_if_exists="false">
        <reward>
          <booster name="EcoFood" value="1" />
        </reward>
      </reward_type>
      <reward_type cfg_ver="5" premium="false" chest="false" skip_if_exists="false">
        <reward real="8" />
      </reward_type>
    </reward_point>
    <reward_point cfg_ver="2" value="121" milestone="true">
      <reward_type cfg_ver="5" premium="true" chest="true" chest_index="1" skip_if_exists="false">
        <reward>
          <booster name="Waiter" value="1" />
          <chest_ticket name="Bronze" value="75" />
          <chest_ticket name="Silver" value="25" />
          <chest_ticket name="Golden" value="15" />
        </reward>
      </reward_type>
      <reward_type cfg_ver="5" premium="false" chest="true" skip_if_exists="false">
        <reward>
          <chest_ticket name="Bronze" value="20" />
          <chest_ticket name="Silver" value="10" />
          <chest_ticket name="Golden" value="5" />
        </reward>
      </reward_type>
    </reward_point>
    <reward_point cfg_ver="2" value="131" upsell_tutorial="true" milestone="false">
      <reward_type cfg_ver="5" premium="true" chest="false" skip_if_exists="false">
        <reward>
          <booster name="ChefHelping" value="0" endless_duration="30" />
        </reward>
      </reward_type>
      <reward_type cfg_ver="5" premium="false" chest="false" skip_if_exists="false">
        <reward>
          <booster name="Immortality" value="30" />
        </reward>
      </reward_type>
    </reward_point>
    <reward_point cfg_ver="2" value="141" milestone="false">
      <reward_type cfg_ver="5" premium="true" chest="false" skip_if_exists="false">
        <reward>
          <chest_ticket name="Golden" value="20" />
        </reward>
      </reward_type>
      <reward_type cfg_ver="5" premium="false" chest="false" skip_if_exists="false">
        <reward>
          <chest_ticket name="Golden" value="5" />
        </reward>
      </reward_type>
    </reward_point>
    <reward_point cfg_ver="2" value="151" milestone="false">
      <reward_type cfg_ver="5" premium="true" chest="false" skip_if_exists="false">
        <reward>
          <booster name="SuperCombo" value="0" endless_duration="30" />
        </reward>
      </reward_type>
      <reward_type cfg_ver="5" premium="false" chest="false" skip_if_exists="false">
        <reward>
          <booster name="Waiter" value="0" endless_duration="20" />
        </reward>
      </reward_type>
    </reward_point>
    <reward_point cfg_ver="2" value="161" milestone="false">
      <reward_type cfg_ver="5" premium="true" chest="false" skip_if_exists="false">
        <reward>
          <booster name="Freeze" value="1" />
        </reward>
      </reward_type>
      <reward_type cfg_ver="5" premium="false" chest="false" skip_if_exists="false">
        <reward real="10" />
      </reward_type>
    </reward_point>
    <reward_point cfg_ver="2" value="171" milestone="true">
      <reward_type cfg_ver="5" premium="true" chest="false" skip_if_exists="true">
        <reward content="battle_pass_extra_15_decor_only" />
      </reward_type>
      <reward_type cfg_ver="5" premium="true" chest="false" skip_if_exists="false">
        <reward>
          <booster name="NotOvercook" value="0" endless_duration="45" />
        </reward>
      </reward_type>
      <reward_type cfg_ver="5" premium="false" chest="true" skip_if_exists="false">
        <reward>
          <chest_ticket name="Bronze" value="20" />
          <chest_ticket name="Silver" value="10" />
          <chest_ticket name="Golden" value="5" />
        </reward>
      </reward_type>
    </reward_point>
    <reward_point cfg_ver="2" value="181" upsell_tutorial="true" milestone="false">
      <reward_type cfg_ver="5" premium="true" chest="false" skip_if_exists="false">
        <reward>
          <chest_ticket name="Diamond" value="15" />
        </reward>
      </reward_type>
      <reward_type cfg_ver="5" premium="false" chest="false" skip_if_exists="false">
        <reward>
          <chest_ticket name="Golden" value="10" />
        </reward>
      </reward_type>
    </reward_point>
    <reward_point cfg_ver="2" value="196" milestone="false">
      <reward_type cfg_ver="5" premium="true" chest="false" skip_if_exists="false">
        <reward>
          <booster name="Immortality" value="60" />
        </reward>
      </reward_type>
      <reward_type cfg_ver="5" premium="false" chest="false" skip_if_exists="false">
        <reward>
          <booster name="SuperCombo" value="0" endless_duration="20" />
        </reward>
      </reward_type>
    </reward_point>
    <reward_point cfg_ver="2" value="211" milestone="false">
      <reward_type cfg_ver="5" premium="true" chest="false" skip_if_exists="false">
        <reward>
          <booster name="AdvComp" value="1" />
        </reward>
      </reward_type>
      <reward_type cfg_ver="5" premium="false" chest="false" skip_if_exists="false">
        <reward>
          <chest_ticket name="Diamond" value="10" />
        </reward>
      </reward_type>
    </reward_point>
    <reward_point cfg_ver="2" value="226" milestone="false">
      <reward_type cfg_ver="5" premium="true" chest="false" skip_if_exists="false">
        <reward>
          <booster name="NotOvercook" value="0" endless_duration="30" />
        </reward>
      </reward_type>
      <reward_type cfg_ver="5" premium="false" chest="false" skip_if_exists="false">
        <reward>
          <booster name="Immortality" value="30" />
        </reward>
      </reward_type>
    </reward_point>
    <reward_point cfg_ver="2" value="241" milestone="true">
      <reward_type cfg_ver="5" premium="true" chest="true" chest_index="2" skip_if_exists="false">
        <reward>
          <booster name="Freeze" value="1" />
          <chest_ticket name="Bronze" value="150" />
          <chest_ticket name="Silver" value="50" />
          <chest_ticket name="Golden" value="25" />
          <chest_ticket name="Diamond" value="10" />
        </reward>
      </reward_type>
      <reward_type cfg_ver="5" premium="false" chest="false" skip_if_exists="true">
        <reward content="battle_pass_extra_15_effect_only" />
      </reward_type>
      <reward_type cfg_ver="5" premium="false" chest="false" skip_if_exists="false">
        <reward>
          <booster name="Waiter" value="0" endless_duration="60" />
        </reward>
      </reward_type>
    </reward_point>
    <reward_point cfg_ver="2" value="256" upsell_tutorial="true" milestone="false">
      <reward_type cfg_ver="5" premium="true" chest="false" skip_if_exists="false">
        <reward>
          <chest_ticket name="Diamond" value="15" />
        </reward>
      </reward_type>
      <reward_type cfg_ver="5" premium="false" chest="false" skip_if_exists="false">
        <reward>
          <chest_ticket name="Golden" value="10" />
        </reward>
      </reward_type>
    </reward_point>
    <reward_point cfg_ver="2" value="271" milestone="false">
      <reward_type cfg_ver="5" premium="true" chest="false" skip_if_exists="false">
        <reward>
          <booster name="ChefHelping" value="1" />
        </reward>
      </reward_type>
      <reward_type cfg_ver="5" premium="false" chest="false" skip_if_exists="false">
        <reward>
          <chest_ticket name="Diamond" value="5" />
        </reward>
      </reward_type>
    </reward_point>
    <reward_point cfg_ver="2" value="290" milestone="false">
      <reward_type cfg_ver="5" premium="true" chest="false" skip_if_exists="false">
        <reward>
          <booster name="Waiter" value="0" endless_duration="40" />
        </reward>
      </reward_type>
      <reward_type cfg_ver="5" premium="false" chest="false" skip_if_exists="false">
        <reward>
          <booster name="ChefHelping" value="0" endless_duration="30" />
        </reward>
      </reward_type>
    </reward_point>
    <reward_point cfg_ver="2" value="310" milestone="false">
      <reward_type cfg_ver="5" premium="true" chest="false" skip_if_exists="false">
        <reward>
          <booster name="SuperCombo" value="1" />
        </reward>
      </reward_type>
      <reward_type cfg_ver="5" premium="false" chest="false" skip_if_exists="false">
        <reward real="10" />
      </reward_type>
    </reward_point>
    <reward_point cfg_ver="2" value="330" milestone="true">
      <reward_type cfg_ver="5" premium="true" chest="true" chest_index="2" skip_if_exists="false">
        <reward>
          <booster name="Overtime" value="1" />
          <chest_ticket name="Bronze" value="150" />
          <chest_ticket name="Silver" value="50" />
          <chest_ticket name="Golden" value="25" />
          <chest_ticket name="Diamond" value="10" />
        </reward>
      </reward_type>
      <reward_type cfg_ver="5" premium="false" chest="true" chest_index="1" skip_if_exists="false">
        <reward>
          <booster name="Freeze" value="1" />
          <chest_ticket name="Bronze" value="40" />
          <chest_ticket name="Silver" value="20" />
          <chest_ticket name="Golden" value="10" />
        </reward>
      </reward_type>
    </reward_point>
    <reward_point cfg_ver="2" value="350" milestone="false">
      <reward_type cfg_ver="5" premium="true" chest="false" skip_if_exists="false">
        <reward>
          <chest_ticket name="Diamond" value="25" />
        </reward>
      </reward_type>
      <reward_type cfg_ver="5" premium="false" chest="false" skip_if_exists="false">
        <reward>
          <chest_ticket name="Golden" value="15" />
        </reward>
      </reward_type>
    </reward_point>
    <reward_point cfg_ver="2" value="370" milestone="false">
      <reward_type cfg_ver="5" premium="true" chest="false" skip_if_exists="false">
        <reward>
          <booster name="Immortality" value="120" />
        </reward>
      </reward_type>
      <reward_type cfg_ver="5" premium="false" chest="false" skip_if_exists="false">
        <reward>
          <booster name="NotOvercook" value="0" endless_duration="30" />
        </reward>
      </reward_type>
    </reward_point>
    <reward_point cfg_ver="2" value="390" milestone="false">
      <reward_type cfg_ver="5" premium="true" chest="false" skip_if_exists="false">
        <reward>
          <booster name="Overtime" value="1" />
        </reward>
      </reward_type>
      <reward_type cfg_ver="5" premium="false" chest="false" skip_if_exists="false">
        <reward real="10" />
      </reward_type>
    </reward_point>
    <reward_point cfg_ver="2" value="410" milestone="false">
      <reward_type cfg_ver="5" premium="true" chest="false" skip_if_exists="false">
        <reward>
          <booster name="SecondChance" value="1" />
        </reward>
      </reward_type>
      <reward_type cfg_ver="5" premium="false" chest="false" skip_if_exists="false">
        <reward>
          <booster name="Immortality" value="60" />
        </reward>
      </reward_type>
    </reward_point>
    <reward_point cfg_ver="2" value="430" upsell_tutorial="true" milestone="false">
      <reward_type cfg_ver="5" premium="true" chest="false" skip_if_exists="false">
        <reward>
          <booster name="AdvComp" value="1" />
        </reward>
      </reward_type>
      <reward_type cfg_ver="5" premium="false" chest="false" skip_if_exists="false">
        <reward>
          <chest_ticket name="Diamond" value="15" />
        </reward>
      </reward_type>
    </reward_point>
    <reward_point cfg_ver="2" value="450" milestone="true">
      <reward_type cfg_ver="5" premium="true" chest="false" skip_if_exists="true">
        <reward content="battle_pass_extra_15_nutcracker_only" />
      </reward_type>
      <reward_type cfg_ver="5" premium="true" chest="false" skip_if_exists="false">
        <reward>
          <booster name="ChefHelping" value="0" endless_duration="60" />
        </reward>
      </reward_type>
      <reward_type cfg_ver="5" premium="false" chest="false" skip_if_exists="false">
        <reward>
          <booster name="ChefHelping" value="1" />
        </reward>
      </reward_type>
    </reward_point>
  </event>
  <event cfg_ver="3" name="Battle_Pass_2025_01_01_78" start="2025-01-01 00-00" duration="744" decorations="Tiger" main_bundle="battle_pass_tiger_extra_10" use_special_notification="true">
    <multipliere_event start="2025-01-20 19-00" end="2025-01-21 19-00" duration="24" multiplier="2" />
    <reward_point cfg_ver="2" value="1" milestone="false">
      <reward_type cfg_ver="5" premium="true" chest="false" skip_if_exists="true">
        <reward>
          <avatar name="(BattlePassTiger,0,False)" />
        </reward>
      </reward_type>
      <reward_type cfg_ver="5" premium="true" chest="false" skip_if_exists="false">
        <reward>
          <booster name="SuperCombo" value="0" endless_duration="20" />
        </reward>
      </reward_type>
      <reward_type cfg_ver="5" premium="false" chest="false" skip_if_exists="false">
        <reward>
          <booster name="Immortality" value="30" />
        </reward>
      </reward_type>
    </reward_point>
    <reward_point cfg_ver="2" value="3" milestone="false">
      <reward_type cfg_ver="5" premium="true" chest="false" skip_if_exists="false">
        <reward>
          <chest_ticket name="Bronze" value="20" />
        </reward>
      </reward_type>
      <reward_type cfg_ver="5" premium="false" chest="false" skip_if_exists="false">
        <reward>
          <chest_ticket name="Bronze" value="10" />
        </reward>
      </reward_type>
    </reward_point>
    <reward_point cfg_ver="2" value="6" milestone="false">
      <reward_type cfg_ver="5" premium="true" chest="false" skip_if_exists="false">
        <reward>
          <booster name="Immortality" value="60" />
        </reward>
      </reward_type>
      <reward_type cfg_ver="5" premium="false" chest="false" skip_if_exists="false">
        <reward>
          <booster name="NotOvercook" value="0" endless_duration="10" />
        </reward>
      </reward_type>
    </reward_point>
    <reward_point cfg_ver="2" value="10" milestone="true">
      <reward_type cfg_ver="5" premium="true" chest="false" skip_if_exists="false">
        <reward>
          <booster name="ChefHelping" value="0" endless_duration="20" />
        </reward>
      </reward_type>
      <reward_type cfg_ver="5" premium="false" chest="false" skip_if_exists="true">
        <reward>
          <avatar name="(BattlePassTiger,1,False)" />
        </reward>
      </reward_type>
      <reward_type cfg_ver="5" premium="false" chest="false" skip_if_exists="false">
        <reward>
          <booster name="Waiter" value="0" endless_duration="30" />
        </reward>
      </reward_type>
    </reward_point>
    <reward_point cfg_ver="2" value="15" upsell_tutorial="true" milestone="false">
      <reward_type cfg_ver="5" premium="true" chest="false" skip_if_exists="false">
        <reward>
          <chest_ticket name="Bronze" value="30" />
        </reward>
      </reward_type>
      <reward_type cfg_ver="5" premium="false" chest="false" skip_if_exists="false">
        <reward>
          <chest_ticket name="Bronze" value="20" />
        </reward>
      </reward_type>
    </reward_point>
    <reward_point cfg_ver="2" value="20" milestone="false">
      <reward_type cfg_ver="5" premium="true" chest="false" skip_if_exists="false">
        <reward>
          <chest_ticket name="Silver" value="25" />
        </reward>
      </reward_type>
      <reward_type cfg_ver="5" premium="false" chest="false" skip_if_exists="false">
        <reward>
          <chest_ticket name="Silver" value="15" />
        </reward>
      </reward_type>
    </reward_point>
    <reward_point cfg_ver="2" value="25" milestone="false">
      <reward_type cfg_ver="5" premium="true" chest="false" skip_if_exists="false">
        <reward>
          <booster name="NotOvercook" value="0" endless_duration="20" />
        </reward>
      </reward_type>
      <reward_type cfg_ver="5" premium="false" chest="false" skip_if_exists="false">
        <reward>
          <booster name="ChefHelping" value="0" endless_duration="10" />
        </reward>
      </reward_type>
    </reward_point>
    <reward_point cfg_ver="2" value="32" milestone="false">
      <reward_type cfg_ver="5" premium="true" chest="false" skip_if_exists="false">
        <reward>
          <chest_ticket name="Golden" value="15" />
        </reward>
      </reward_type>
      <reward_type cfg_ver="5" premium="false" chest="false" skip_if_exists="false">
        <reward>
          <chest_ticket name="Golden" value="5" />
        </reward>
      </reward_type>
    </reward_point>
    <reward_point cfg_ver="2" value="39" milestone="true">
      <reward_type cfg_ver="5" premium="true" chest="true" chest_index="1" skip_if_exists="false">
        <reward>
          <booster name="ChefHelping" value="1" />
          <chest_ticket name="Bronze" value="35" />
          <chest_ticket name="Silver" value="15" />
          <chest_ticket name="Golden" value="5" />
        </reward>
      </reward_type>
      <reward_type cfg_ver="5" premium="false" chest="true" skip_if_exists="false">
        <reward>
          <chest_ticket name="Bronze" value="20" />
          <chest_ticket name="Silver" value="10" />
          <chest_ticket name="Golden" value="5" />
        </reward>
      </reward_type>
    </reward_point>
    <reward_point cfg_ver="2" value="46" upsell_tutorial="true" milestone="false">
      <reward_type cfg_ver="5" premium="true" chest="false" skip_if_exists="false">
        <reward>
          <chest_ticket name="Silver" value="25" />
        </reward>
      </reward_type>
      <reward_type cfg_ver="5" premium="false" chest="false" skip_if_exists="false">
        <reward>
          <chest_ticket name="Silver" value="15" />
        </reward>
      </reward_type>
    </reward_point>
    <reward_point cfg_ver="2" value="53" milestone="false">
      <reward_type cfg_ver="5" premium="true" chest="false" skip_if_exists="false">
        <reward>
          <booster name="SuperCombo" value="0" endless_duration="20" />
        </reward>
      </reward_type>
      <reward_type cfg_ver="5" premium="false" chest="false" skip_if_exists="false">
        <reward>
          <booster name="Immortality" value="30" />
        </reward>
      </reward_type>
    </reward_point>
    <reward_point cfg_ver="2" value="61" milestone="false">
      <reward_type cfg_ver="5" premium="true" chest="false" skip_if_exists="false">
        <reward>
          <chest_ticket name="Golden" value="20" />
        </reward>
      </reward_type>
      <reward_type cfg_ver="5" premium="false" chest="false" skip_if_exists="false">
        <reward>
          <chest_ticket name="Golden" value="10" />
        </reward>
      </reward_type>
    </reward_point>
    <reward_point cfg_ver="2" value="69" milestone="false">
      <reward_type cfg_ver="5" premium="true" chest="false" skip_if_exists="false">
        <reward>
          <booster name="Waiter" value="0" endless_duration="20" />
        </reward>
      </reward_type>
      <reward_type cfg_ver="5" premium="false" chest="false" skip_if_exists="false">
        <reward>
          <booster name="SuperCombo" value="0" endless_duration="10" />
        </reward>
      </reward_type>
    </reward_point>
    <reward_point cfg_ver="2" value="77" milestone="true">
      <reward_type cfg_ver="5" premium="true" chest="true" chest_index="1" skip_if_exists="false">
        <reward>
          <booster name="NotOvercook" value="1" />
          <chest_ticket name="Bronze" value="40" />
          <chest_ticket name="Silver" value="10" />
          <chest_ticket name="Golden" value="5" />
        </reward>
      </reward_type>
      <reward_type cfg_ver="5" premium="false" chest="true" skip_if_exists="false">
        <reward>
          <chest_ticket name="Bronze" value="20" />
          <chest_ticket name="Silver" value="10" />
          <chest_ticket name="Golden" value="5" />
        </reward>
      </reward_type>
    </reward_point>
    <reward_point cfg_ver="2" value="85" upsell_tutorial="true" milestone="false">
      <reward_type cfg_ver="5" premium="true" chest="false" skip_if_exists="false">
        <reward>
          <chest_ticket name="Silver" value="30" />
        </reward>
      </reward_type>
      <reward_type cfg_ver="5" premium="false" chest="false" skip_if_exists="false">
        <reward>
          <chest_ticket name="Silver" value="20" />
        </reward>
      </reward_type>
    </reward_point>
    <reward_point cfg_ver="2" value="94" milestone="false">
      <reward_type cfg_ver="5" premium="true" chest="false" skip_if_exists="false">
        <reward>
          <chest_ticket name="Golden" value="15" />
        </reward>
      </reward_type>
      <reward_type cfg_ver="5" premium="false" chest="false" skip_if_exists="false">
        <reward>
          <chest_ticket name="Golden" value="5" />
        </reward>
      </reward_type>
    </reward_point>
    <reward_point cfg_ver="2" value="103" milestone="false">
      <reward_type cfg_ver="5" premium="true" chest="false" skip_if_exists="false">
        <reward>
          <booster name="Immortality" value="60" />
        </reward>
      </reward_type>
      <reward_type cfg_ver="5" premium="false" chest="false" skip_if_exists="false">
        <reward>
          <booster name="NotOvercook" value="0" endless_duration="20" />
        </reward>
      </reward_type>
    </reward_point>
    <reward_point cfg_ver="2" value="112" milestone="false">
      <reward_type cfg_ver="5" premium="true" chest="false" skip_if_exists="false">
        <reward>
          <booster name="EcoFood" value="1" />
        </reward>
      </reward_type>
      <reward_type cfg_ver="5" premium="false" chest="false" skip_if_exists="false">
        <reward real="8" />
      </reward_type>
    </reward_point>
    <reward_point cfg_ver="2" value="121" milestone="true">
      <reward_type cfg_ver="5" premium="true" chest="true" chest_index="1" skip_if_exists="false">
        <reward>
          <booster name="Waiter" value="1" />
          <chest_ticket name="Bronze" value="75" />
          <chest_ticket name="Silver" value="25" />
          <chest_ticket name="Golden" value="15" />
        </reward>
      </reward_type>
      <reward_type cfg_ver="5" premium="false" chest="true" skip_if_exists="false">
        <reward>
          <chest_ticket name="Bronze" value="20" />
          <chest_ticket name="Silver" value="10" />
          <chest_ticket name="Golden" value="5" />
        </reward>
      </reward_type>
    </reward_point>
    <reward_point cfg_ver="2" value="131" upsell_tutorial="true" milestone="false">
      <reward_type cfg_ver="5" premium="true" chest="false" skip_if_exists="false">
        <reward>
          <booster name="ChefHelping" value="0" endless_duration="30" />
        </reward>
      </reward_type>
      <reward_type cfg_ver="5" premium="false" chest="false" skip_if_exists="false">
        <reward>
          <booster name="Immortality" value="30" />
        </reward>
      </reward_type>
    </reward_point>
    <reward_point cfg_ver="2" value="141" milestone="false">
      <reward_type cfg_ver="5" premium="true" chest="false" skip_if_exists="false">
        <reward>
          <chest_ticket name="Golden" value="20" />
        </reward>
      </reward_type>
      <reward_type cfg_ver="5" premium="false" chest="false" skip_if_exists="false">
        <reward>
          <chest_ticket name="Golden" value="5" />
        </reward>
      </reward_type>
    </reward_point>
    <reward_point cfg_ver="2" value="151" milestone="false">
      <reward_type cfg_ver="5" premium="true" chest="false" skip_if_exists="false">
        <reward>
          <booster name="SuperCombo" value="0" endless_duration="30" />
        </reward>
      </reward_type>
      <reward_type cfg_ver="5" premium="false" chest="false" skip_if_exists="false">
        <reward>
          <booster name="Waiter" value="0" endless_duration="20" />
        </reward>
      </reward_type>
    </reward_point>
    <reward_point cfg_ver="2" value="161" milestone="false">
      <reward_type cfg_ver="5" premium="true" chest="false" skip_if_exists="false">
        <reward>
          <booster name="Freeze" value="1" />
        </reward>
      </reward_type>
      <reward_type cfg_ver="5" premium="false" chest="false" skip_if_exists="false">
        <reward real="10" />
      </reward_type>
    </reward_point>
    <reward_point cfg_ver="2" value="171" milestone="true">
      <reward_type cfg_ver="5" premium="true" chest="false" skip_if_exists="true">
        <reward content="battle_pass_extra_10_decor_only" />
      </reward_type>
      <reward_type cfg_ver="5" premium="true" chest="false" skip_if_exists="false">
        <reward>
          <booster name="NotOvercook" value="0" endless_duration="45" />
        </reward>
      </reward_type>
      <reward_type cfg_ver="5" premium="false" chest="true" skip_if_exists="false">
        <reward>
          <chest_ticket name="Bronze" value="20" />
          <chest_ticket name="Silver" value="10" />
          <chest_ticket name="Golden" value="5" />
        </reward>
      </reward_type>
    </reward_point>
    <reward_point cfg_ver="2" value="181" upsell_tutorial="true" milestone="false">
      <reward_type cfg_ver="5" premium="true" chest="false" skip_if_exists="false">
        <reward>
          <chest_ticket name="Diamond" value="15" />
        </reward>
      </reward_type>
      <reward_type cfg_ver="5" premium="false" chest="false" skip_if_exists="false">
        <reward>
          <chest_ticket name="Golden" value="10" />
        </reward>
      </reward_type>
    </reward_point>
    <reward_point cfg_ver="2" value="196" milestone="false">
      <reward_type cfg_ver="5" premium="true" chest="false" skip_if_exists="false">
        <reward>
          <booster name="Immortality" value="60" />
        </reward>
      </reward_type>
      <reward_type cfg_ver="5" premium="false" chest="false" skip_if_exists="false">
        <reward>
          <booster name="SuperCombo" value="0" endless_duration="20" />
        </reward>
      </reward_type>
    </reward_point>
    <reward_point cfg_ver="2" value="211" milestone="false">
      <reward_type cfg_ver="5" premium="true" chest="false" skip_if_exists="false">
        <reward>
          <booster name="AdvComp" value="1" />
        </reward>
      </reward_type>
      <reward_type cfg_ver="5" premium="false" chest="false" skip_if_exists="false">
        <reward>
          <chest_ticket name="Diamond" value="10" />
        </reward>
      </reward_type>
    </reward_point>
    <reward_point cfg_ver="2" value="226" milestone="false">
      <reward_type cfg_ver="5" premium="true" chest="false" skip_if_exists="false">
        <reward>
          <booster name="NotOvercook" value="0" endless_duration="30" />
        </reward>
      </reward_type>
      <reward_type cfg_ver="5" premium="false" chest="false" skip_if_exists="false">
        <reward>
          <booster name="Immortality" value="30" />
        </reward>
      </reward_type>
    </reward_point>
    <reward_point cfg_ver="2" value="241" milestone="true">
      <reward_type cfg_ver="5" premium="true" chest="true" chest_index="2" skip_if_exists="false">
        <reward>
          <booster name="Freeze" value="1" />
          <chest_ticket name="Bronze" value="150" />
          <chest_ticket name="Silver" value="50" />
          <chest_ticket name="Golden" value="25" />
          <chest_ticket name="Diamond" value="10" />
        </reward>
      </reward_type>
      <reward_type cfg_ver="5" premium="false" chest="false" skip_if_exists="true">
        <reward content="battle_pass_extra_10_effect_only" />
      </reward_type>
      <reward_type cfg_ver="5" premium="false" chest="false" skip_if_exists="false">
        <reward>
          <booster name="Waiter" value="0" endless_duration="60" />
        </reward>
      </reward_type>
    </reward_point>
    <reward_point cfg_ver="2" value="256" upsell_tutorial="true" milestone="false">
      <reward_type cfg_ver="5" premium="true" chest="false" skip_if_exists="false">
        <reward>
          <chest_ticket name="Diamond" value="15" />
        </reward>
      </reward_type>
      <reward_type cfg_ver="5" premium="false" chest="false" skip_if_exists="false">
        <reward>
          <chest_ticket name="Golden" value="10" />
        </reward>
      </reward_type>
    </reward_point>
    <reward_point cfg_ver="2" value="271" milestone="false">
      <reward_type cfg_ver="5" premium="true" chest="false" skip_if_exists="false">
        <reward>
          <booster name="ChefHelping" value="1" />
        </reward>
      </reward_type>
      <reward_type cfg_ver="5" premium="false" chest="false" skip_if_exists="false">
        <reward>
          <chest_ticket name="Diamond" value="5" />
        </reward>
      </reward_type>
    </reward_point>
    <reward_point cfg_ver="2" value="290" milestone="false">
      <reward_type cfg_ver="5" premium="true" chest="false" skip_if_exists="false">
        <reward>
          <booster name="Waiter" value="0" endless_duration="40" />
        </reward>
      </reward_type>
      <reward_type cfg_ver="5" premium="false" chest="false" skip_if_exists="false">
        <reward>
          <booster name="ChefHelping" value="0" endless_duration="30" />
        </reward>
      </reward_type>
    </reward_point>
    <reward_point cfg_ver="2" value="310" milestone="false">
      <reward_type cfg_ver="5" premium="true" chest="false" skip_if_exists="false">
        <reward>
          <booster name="SuperCombo" value="1" />
        </reward>
      </reward_type>
      <reward_type cfg_ver="5" premium="false" chest="false" skip_if_exists="false">
        <reward real="10" />
      </reward_type>
    </reward_point>
    <reward_point cfg_ver="2" value="330" milestone="true">
      <reward_type cfg_ver="5" premium="true" chest="true" chest_index="2" skip_if_exists="false">
        <reward>
          <booster name="Overtime" value="1" />
          <chest_ticket name="Bronze" value="150" />
          <chest_ticket name="Silver" value="50" />
          <chest_ticket name="Golden" value="25" />
          <chest_ticket name="Diamond" value="10" />
        </reward>
      </reward_type>
      <reward_type cfg_ver="5" premium="false" chest="true" chest_index="1" skip_if_exists="false">
        <reward>
          <booster name="Freeze" value="1" />
          <chest_ticket name="Bronze" value="40" />
          <chest_ticket name="Silver" value="20" />
          <chest_ticket name="Golden" value="10" />
        </reward>
      </reward_type>
    </reward_point>
    <reward_point cfg_ver="2" value="350" milestone="false">
      <reward_type cfg_ver="5" premium="true" chest="false" skip_if_exists="false">
        <reward>
          <chest_ticket name="Diamond" value="25" />
        </reward>
      </reward_type>
      <reward_type cfg_ver="5" premium="false" chest="false" skip_if_exists="false">
        <reward>
          <chest_ticket name="Golden" value="15" />
        </reward>
      </reward_type>
    </reward_point>
    <reward_point cfg_ver="2" value="370" milestone="false">
      <reward_type cfg_ver="5" premium="true" chest="false" skip_if_exists="false">
        <reward>
          <booster name="Immortality" value="120" />
        </reward>
      </reward_type>
      <reward_type cfg_ver="5" premium="false" chest="false" skip_if_exists="false">
        <reward>
          <booster name="NotOvercook" value="0" endless_duration="30" />
        </reward>
      </reward_type>
    </reward_point>
    <reward_point cfg_ver="2" value="390" milestone="false">
      <reward_type cfg_ver="5" premium="true" chest="false" skip_if_exists="false">
        <reward>
          <booster name="Overtime" value="1" />
        </reward>
      </reward_type>
      <reward_type cfg_ver="5" premium="false" chest="false" skip_if_exists="false">
        <reward real="10" />
      </reward_type>
    </reward_point>
    <reward_point cfg_ver="2" value="410" milestone="false">
      <reward_type cfg_ver="5" premium="true" chest="false" skip_if_exists="false">
        <reward>
          <booster name="SecondChance" value="1" />
        </reward>
      </reward_type>
      <reward_type cfg_ver="5" premium="false" chest="false" skip_if_exists="false">
        <reward>
          <booster name="Immortality" value="60" />
        </reward>
      </reward_type>
    </reward_point>
    <reward_point cfg_ver="2" value="430" upsell_tutorial="true" milestone="false">
      <reward_type cfg_ver="5" premium="true" chest="false" skip_if_exists="false">
        <reward>
          <booster name="AdvComp" value="1" />
        </reward>
      </reward_type>
      <reward_type cfg_ver="5" premium="false" chest="false" skip_if_exists="false">
        <reward>
          <chest_ticket name="Diamond" value="15" />
        </reward>
      </reward_type>
    </reward_point>
    <reward_point cfg_ver="2" value="450" milestone="true">
      <reward_type cfg_ver="5" premium="true" chest="false" skip_if_exists="true">
        <reward content="battle_pass_extra_10_tiger_only" />
      </reward_type>
      <reward_type cfg_ver="5" premium="true" chest="false" skip_if_exists="false">
        <reward>
          <booster name="ChefHelping" value="0" endless_duration="60" />
        </reward>
      </reward_type>
      <reward_type cfg_ver="5" premium="false" chest="false" skip_if_exists="false">
        <reward>
          <booster name="ChefHelping" value="1" />
        </reward>
      </reward_type>
    </reward_point>
  </event>
  <event cfg_ver="3" name="Battle_Pass_2025_02_01_79" start="2025-02-01 00-00" duration="695" decorations="Candy" main_bundle="battle_pass_candy_extra_11" use_special_notification="true">
    <multipliere_event start="2025-02-17 00-00" end="2025-02-18 00-00" duration="24" multiplier="2" />
    <reward_point cfg_ver="2" value="1" milestone="false">
      <reward_type cfg_ver="5" premium="true" chest="false" skip_if_exists="true">
        <reward>
          <avatar name="(BattlePassCandy,0,False)" />
        </reward>
      </reward_type>
      <reward_type cfg_ver="5" premium="true" chest="false" skip_if_exists="false">
        <reward>
          <booster name="SuperCombo" value="0" endless_duration="20" />
        </reward>
      </reward_type>
      <reward_type cfg_ver="5" premium="false" chest="false" skip_if_exists="false">
        <reward>
          <booster name="Immortality" value="30" />
        </reward>
      </reward_type>
    </reward_point>
    <reward_point cfg_ver="2" value="3" milestone="false">
      <reward_type cfg_ver="5" premium="true" chest="false" skip_if_exists="false">
        <reward>
          <chest_ticket name="Diamond" value="15" />
        </reward>
      </reward_type>
      <reward_type cfg_ver="5" premium="false" chest="false" skip_if_exists="false">
        <reward>
          <chest_ticket name="Golden" value="10" />
        </reward>
      </reward_type>
    </reward_point>
    <reward_point cfg_ver="2" value="6" milestone="false">
      <reward_type cfg_ver="5" premium="true" chest="false" skip_if_exists="false">
        <reward>
          <booster name="Immortality" value="60" />
        </reward>
      </reward_type>
      <reward_type cfg_ver="5" premium="false" chest="false" skip_if_exists="false">
        <reward>
          <booster name="ChefHelping" value="0" endless_duration="10" />
        </reward>
      </reward_type>
    </reward_point>
    <reward_point cfg_ver="2" value="10" milestone="true">
      <reward_type cfg_ver="5" premium="true" chest="false" skip_if_exists="false">
        <reward>
          <booster name="SuperCombo" value="0" endless_duration="20" />
        </reward>
      </reward_type>
      <reward_type cfg_ver="5" premium="false" chest="false" skip_if_exists="true">
        <reward>
          <avatar name="(BattlePassCandy,1,False)" />
        </reward>
      </reward_type>
      <reward_type cfg_ver="5" premium="false" chest="false" skip_if_exists="false">
        <reward>
          <booster name="NotOvercook" value="0" endless_duration="30" />
        </reward>
      </reward_type>
    </reward_point>
    <reward_point cfg_ver="2" value="15" upsell_tutorial="true" milestone="false">
      <reward_type cfg_ver="5" premium="true" chest="false" skip_if_exists="false">
        <reward>
          <chest_ticket name="Silver" value="120" />
        </reward>
      </reward_type>
      <reward_type cfg_ver="5" premium="false" chest="false" skip_if_exists="false">
        <reward>
          <chest_ticket name="Bronze" value="80" />
        </reward>
      </reward_type>
    </reward_point>
    <reward_point cfg_ver="2" value="20" milestone="false">
      <reward_type cfg_ver="5" premium="true" chest="false" skip_if_exists="false">
        <reward>
          <booster name="ChefHelping" value="0" endless_duration="20" />
        </reward>
      </reward_type>
      <reward_type cfg_ver="5" premium="false" chest="false" skip_if_exists="false">
        <reward>
          <booster name="SuperCombo" value="0" endless_duration="10" />
        </reward>
      </reward_type>
    </reward_point>
    <reward_point cfg_ver="2" value="25" milestone="false">
      <reward_type cfg_ver="5" premium="true" chest="false" skip_if_exists="false">
        <reward>
          <chest_ticket name="Silver" value="120" />
        </reward>
      </reward_type>
      <reward_type cfg_ver="5" premium="false" chest="false" skip_if_exists="false">
        <reward>
          <chest_ticket name="Silver" value="40" />
        </reward>
      </reward_type>
    </reward_point>
    <reward_point cfg_ver="2" value="32" milestone="false">
      <reward_type cfg_ver="5" premium="true" chest="false" skip_if_exists="false">
        <reward>
          <booster name="ChefHelping" value="1" />
        </reward>
      </reward_type>
      <reward_type cfg_ver="5" premium="false" chest="false" skip_if_exists="false">
        <reward>
          <chest_ticket name="Golden" value="20" />
        </reward>
      </reward_type>
    </reward_point>
    <reward_point cfg_ver="2" value="39" milestone="true">
      <reward_type cfg_ver="5" premium="true" chest="true" chest_index="1" skip_if_exists="false">
        <reward>
          <booster name="ChefHelping" value="1" />
          <chest_ticket name="Bronze" value="35" />
          <chest_ticket name="Silver" value="15" />
          <chest_ticket name="Golden" value="5" />
        </reward>
      </reward_type>
      <reward_type cfg_ver="5" premium="false" chest="true" skip_if_exists="false">
        <reward>
          <chest_ticket name="Bronze" value="20" />
          <chest_ticket name="Silver" value="10" />
          <chest_ticket name="Golden" value="5" />
        </reward>
      </reward_type>
    </reward_point>
    <reward_point cfg_ver="2" value="46" upsell_tutorial="true" milestone="false">
      <reward_type cfg_ver="5" premium="true" chest="false" skip_if_exists="false">
        <reward>
          <booster name="Waiter" value="2" />
        </reward>
      </reward_type>
      <reward_type cfg_ver="5" premium="false" chest="false" skip_if_exists="false">
        <reward>
          <booster name="Immortality" value="30" />
        </reward>
      </reward_type>
    </reward_point>
    <reward_point cfg_ver="2" value="53" milestone="false">
      <reward_type cfg_ver="5" premium="true" chest="false" skip_if_exists="false">
        <reward>
          <chest_ticket name="Golden" value="75" />
        </reward>
      </reward_type>
      <reward_type cfg_ver="5" premium="false" chest="false" skip_if_exists="false">
        <reward>
          <chest_ticket name="Silver" value="50" />
        </reward>
      </reward_type>
    </reward_point>
    <reward_point cfg_ver="2" value="61" milestone="false">
      <reward_type cfg_ver="5" premium="true" chest="false" skip_if_exists="false">
        <reward>
          <booster name="EcoFood" value="2" />
        </reward>
      </reward_type>
      <reward_type cfg_ver="5" premium="false" chest="false" skip_if_exists="false">
        <reward>
          <booster name="NotOvercook" value="1" />
        </reward>
      </reward_type>
    </reward_point>
    <reward_point cfg_ver="2" value="69" milestone="false">
      <reward_type cfg_ver="5" premium="true" chest="false" skip_if_exists="false">
        <reward>
          <booster name="NotOvercook" value="0" endless_duration="20" />
        </reward>
      </reward_type>
      <reward_type cfg_ver="5" premium="false" chest="false" skip_if_exists="false">
        <reward>
          <booster name="Waiter" value="0" endless_duration="10" />
        </reward>
      </reward_type>
    </reward_point>
    <reward_point cfg_ver="2" value="77" milestone="true">
      <reward_type cfg_ver="5" premium="true" chest="true" chest_index="1" skip_if_exists="false">
        <reward>
          <booster name="NotOvercook" value="1" />
          <chest_ticket name="Bronze" value="40" />
          <chest_ticket name="Silver" value="10" />
          <chest_ticket name="Golden" value="5" />
        </reward>
      </reward_type>
      <reward_type cfg_ver="5" premium="false" chest="true" skip_if_exists="false">
        <reward>
          <chest_ticket name="Bronze" value="20" />
          <chest_ticket name="Silver" value="10" />
          <chest_ticket name="Golden" value="5" />
        </reward>
      </reward_type>
    </reward_point>
    <reward_point cfg_ver="2" value="85" upsell_tutorial="true" milestone="false">
      <reward_type cfg_ver="5" premium="true" chest="false" skip_if_exists="false">
        <reward>
          <chest_ticket name="Golden" value="50" />
        </reward>
      </reward_type>
      <reward_type cfg_ver="5" premium="false" chest="false" skip_if_exists="false">
        <reward>
          <chest_ticket name="Silver" value="50" />
        </reward>
      </reward_type>
    </reward_point>
    <reward_point cfg_ver="2" value="94" milestone="false">
      <reward_type cfg_ver="5" premium="true" chest="false" skip_if_exists="false">
        <reward>
          <booster name="NotOvercook" value="1" />
        </reward>
      </reward_type>
      <reward_type cfg_ver="5" premium="false" chest="false" skip_if_exists="false">
        <reward>
          <booster name="NotOvercook" value="0" endless_duration="20" />
        </reward>
      </reward_type>
    </reward_point>
    <reward_point cfg_ver="2" value="103" milestone="false">
      <reward_type cfg_ver="5" premium="true" chest="false" skip_if_exists="false">
        <reward>
          <chest_ticket name="Diamond" value="30" />
        </reward>
      </reward_type>
      <reward_type cfg_ver="5" premium="false" chest="false" skip_if_exists="false">
        <reward>
          <chest_ticket name="Golden" value="30" />
        </reward>
      </reward_type>
    </reward_point>
    <reward_point cfg_ver="2" value="112" milestone="false">
      <reward_type cfg_ver="5" premium="true" chest="false" skip_if_exists="false">
        <reward>
          <booster name="SuperCombo" value="2" />
        </reward>
      </reward_type>
      <reward_type cfg_ver="5" premium="false" chest="false" skip_if_exists="false">
        <reward>
          <booster name="Waiter" value="1" />
        </reward>
      </reward_type>
    </reward_point>
    <reward_point cfg_ver="2" value="121" milestone="true">
      <reward_type cfg_ver="5" premium="true" chest="true" chest_index="2" skip_if_exists="false">
        <reward>
          <booster name="AdvComp" value="1" />
          <chest_ticket name="Bronze" value="150" />
          <chest_ticket name="Silver" value="50" />
          <chest_ticket name="Golden" value="25" />
          <chest_ticket name="Diamond" value="10" />
        </reward>
      </reward_type>
      <reward_type cfg_ver="5" premium="false" chest="true" skip_if_exists="false">
        <reward>
          <chest_ticket name="Bronze" value="20" />
          <chest_ticket name="Silver" value="10" />
          <chest_ticket name="Golden" value="5" />
        </reward>
      </reward_type>
    </reward_point>
    <reward_point cfg_ver="2" value="131" upsell_tutorial="true" milestone="false">
      <reward_type cfg_ver="5" premium="true" chest="false" skip_if_exists="false">
        <reward>
          <booster name="EcoFood" value="3" />
        </reward>
      </reward_type>
      <reward_type cfg_ver="5" premium="false" chest="false" skip_if_exists="false">
        <reward>
          <booster name="Immortality" value="30" />
        </reward>
      </reward_type>
    </reward_point>
    <reward_point cfg_ver="2" value="141" milestone="false">
      <reward_type cfg_ver="5" premium="true" chest="false" skip_if_exists="false">
        <reward>
          <chest_ticket name="Golden" value="60" />
        </reward>
      </reward_type>
      <reward_type cfg_ver="5" premium="false" chest="false" skip_if_exists="false">
        <reward>
          <chest_ticket name="Silver" value="40" />
        </reward>
      </reward_type>
    </reward_point>
    <reward_point cfg_ver="2" value="151" milestone="false">
      <reward_type cfg_ver="5" premium="true" chest="false" skip_if_exists="false">
        <reward>
          <booster name="Freeze" value="1" />
        </reward>
      </reward_type>
      <reward_type cfg_ver="5" premium="false" chest="false" skip_if_exists="false">
        <reward>
          <booster name="Waiter" value="0" endless_duration="20" />
        </reward>
      </reward_type>
    </reward_point>
    <reward_point cfg_ver="2" value="161" milestone="false">
      <reward_type cfg_ver="5" premium="true" chest="false" skip_if_exists="false">
        <reward>
          <booster name="Overtime" value="1" />
        </reward>
      </reward_type>
      <reward_type cfg_ver="5" premium="false" chest="false" skip_if_exists="false">
        <reward>
          <chest_ticket name="Golden" value="15" />
        </reward>
      </reward_type>
    </reward_point>
    <reward_point cfg_ver="2" value="171" milestone="true">
      <reward_type cfg_ver="5" premium="true" chest="false" skip_if_exists="true">
        <reward content="battle_pass_extra_11_decor_only" />
      </reward_type>
      <reward_type cfg_ver="5" premium="true" chest="false" skip_if_exists="false">
        <reward>
          <booster name="NotOvercook" value="0" endless_duration="45" />
        </reward>
      </reward_type>
      <reward_type cfg_ver="5" premium="false" chest="true" chest_index="1" skip_if_exists="false">
        <reward>
          <booster name="Freeze" value="1" />
          <chest_ticket name="Bronze" value="40" />
          <chest_ticket name="Silver" value="20" />
          <chest_ticket name="Golden" value="10" />
        </reward>
      </reward_type>
    </reward_point>
    <reward_point cfg_ver="2" value="181" upsell_tutorial="true" milestone="false">
      <reward_type cfg_ver="5" premium="true" chest="false" skip_if_exists="false">
        <reward>
          <booster name="Immortality" value="60" />
        </reward>
      </reward_type>
      <reward_type cfg_ver="5" premium="false" chest="false" skip_if_exists="false">
        <reward>
          <booster name="SuperCombo" value="0" endless_duration="20" />
        </reward>
      </reward_type>
    </reward_point>
    <reward_point cfg_ver="2" value="196" milestone="false">
      <reward_type cfg_ver="5" premium="true" chest="false" skip_if_exists="false">
        <reward>
          <chest_ticket name="Diamond" value="20" />
        </reward>
      </reward_type>
      <reward_type cfg_ver="5" premium="false" chest="false" skip_if_exists="false">
        <reward>
          <chest_ticket name="Diamond" value="10" />
        </reward>
      </reward_type>
    </reward_point>
    <reward_point cfg_ver="2" value="211" milestone="false">
      <reward_type cfg_ver="5" premium="true" chest="false" skip_if_exists="false">
        <reward>
          <booster name="AdvComp" value="2" />
        </reward>
      </reward_type>
      <reward_type cfg_ver="5" premium="false" chest="false" skip_if_exists="false">
        <reward>
          <booster name="NotOvercook" value="1" />
        </reward>
      </reward_type>
    </reward_point>
    <reward_point cfg_ver="2" value="226" milestone="false">
      <reward_type cfg_ver="5" premium="true" chest="false" skip_if_exists="false">
        <reward>
          <booster name="NotOvercook" value="3" />
        </reward>
      </reward_type>
      <reward_type cfg_ver="5" premium="false" chest="false" skip_if_exists="false">
        <reward>
          <booster name="Immortality" value="30" />
        </reward>
      </reward_type>
    </reward_point>
    <reward_point cfg_ver="2" value="241" milestone="true">
      <reward_type cfg_ver="5" premium="true" chest="true" chest_index="2" skip_if_exists="false">
        <reward>
          <booster name="AdvComp" value="1" />
          <chest_ticket name="Bronze" value="150" />
          <chest_ticket name="Silver" value="50" />
          <chest_ticket name="Golden" value="25" />
          <chest_ticket name="Diamond" value="10" />
        </reward>
      </reward_type>
      <reward_type cfg_ver="5" premium="false" chest="false" skip_if_exists="true">
        <reward content="battle_pass_extra_11_effect_only" />
      </reward_type>
      <reward_type cfg_ver="5" premium="false" chest="false" skip_if_exists="false">
        <reward>
          <booster name="Waiter" value="0" endless_duration="60" />
        </reward>
      </reward_type>
    </reward_point>
    <reward_point cfg_ver="2" value="256" upsell_tutorial="true" milestone="false">
      <reward_type cfg_ver="5" premium="true" chest="false" skip_if_exists="false">
        <reward>
          <booster name="ChefHelping" value="3" />
        </reward>
      </reward_type>
      <reward_type cfg_ver="5" premium="false" chest="false" skip_if_exists="false">
        <reward>
          <chest_ticket name="Golden" value="30" />
        </reward>
      </reward_type>
    </reward_point>
    <reward_point cfg_ver="2" value="271" milestone="false">
      <reward_type cfg_ver="5" premium="true" chest="false" skip_if_exists="false">
        <reward>
          <booster name="Waiter" value="3" />
        </reward>
      </reward_type>
      <reward_type cfg_ver="5" premium="false" chest="false" skip_if_exists="false">
        <reward>
          <booster name="ChefHelping" value="0" endless_duration="30" />
        </reward>
      </reward_type>
    </reward_point>
    <reward_point cfg_ver="2" value="290" milestone="false">
      <reward_type cfg_ver="5" premium="true" chest="false" skip_if_exists="false">
        <reward>
          <booster name="SecondChance" value="1" />
        </reward>
      </reward_type>
      <reward_type cfg_ver="5" premium="false" chest="false" skip_if_exists="false">
        <reward>
          <chest_ticket name="Diamond" value="15" />
        </reward>
      </reward_type>
    </reward_point>
    <reward_point cfg_ver="2" value="310" milestone="false">
      <reward_type cfg_ver="5" premium="true" chest="false" skip_if_exists="false">
        <reward>
          <booster name="SuperCombo" value="3" />
        </reward>
      </reward_type>
      <reward_type cfg_ver="5" premium="false" chest="false" skip_if_exists="false">
        <reward>
          <booster name="ChefHelping" value="1" />
        </reward>
      </reward_type>
    </reward_point>
    <reward_point cfg_ver="2" value="330" milestone="true">
      <reward_type cfg_ver="5" premium="true" chest="true" chest_index="2" skip_if_exists="false">
        <reward>
          <booster name="Overtime" value="1" />
          <chest_ticket name="Bronze" value="150" />
          <chest_ticket name="Silver" value="50" />
          <chest_ticket name="Golden" value="25" />
          <chest_ticket name="Diamond" value="10" />
        </reward>
      </reward_type>
      <reward_type cfg_ver="5" premium="false" chest="true" chest_index="1" skip_if_exists="false">
        <reward>
          <booster name="Freeze" value="1" />
          <chest_ticket name="Bronze" value="40" />
          <chest_ticket name="Silver" value="20" />
          <chest_ticket name="Golden" value="10" />
        </reward>
      </reward_type>
    </reward_point>
    <reward_point cfg_ver="2" value="350" milestone="false">
      <reward_type cfg_ver="5" premium="true" chest="false" skip_if_exists="false">
        <reward>
          <chest_ticket name="Diamond" value="60" />
        </reward>
      </reward_type>
      <reward_type cfg_ver="5" premium="false" chest="false" skip_if_exists="false">
        <reward>
          <chest_ticket name="Golden" value="30" />
        </reward>
      </reward_type>
    </reward_point>
    <reward_point cfg_ver="2" value="370" milestone="false">
      <reward_type cfg_ver="5" premium="true" chest="false" skip_if_exists="false">
        <reward>
          <booster name="Waiter" value="0" endless_duration="30" />
        </reward>
      </reward_type>
      <reward_type cfg_ver="5" premium="false" chest="false" skip_if_exists="false">
        <reward>
          <booster name="NotOvercook" value="0" endless_duration="30" />
        </reward>
      </reward_type>
    </reward_point>
    <reward_point cfg_ver="2" value="390" milestone="false">
      <reward_type cfg_ver="5" premium="true" chest="false" skip_if_exists="false">
        <reward>
          <booster name="Freeze" value="4" />
        </reward>
      </reward_type>
      <reward_type cfg_ver="5" premium="false" chest="false" skip_if_exists="false">
        <reward>
          <chest_ticket name="Diamond" value="15" />
        </reward>
      </reward_type>
    </reward_point>
    <reward_point cfg_ver="2" value="410" milestone="false">
      <reward_type cfg_ver="5" premium="true" chest="false" skip_if_exists="false">
        <reward>
          <booster name="SecondChance" value="3" />
        </reward>
      </reward_type>
      <reward_type cfg_ver="5" premium="false" chest="false" skip_if_exists="false">
        <reward>
          <booster name="SuperCombo" value="1" />
        </reward>
      </reward_type>
    </reward_point>
    <reward_point cfg_ver="2" value="430" upsell_tutorial="true" milestone="false">
      <reward_type cfg_ver="5" premium="true" chest="false" skip_if_exists="false">
        <reward>
          <booster name="Overtime" value="2" />
        </reward>
      </reward_type>
      <reward_type cfg_ver="5" premium="false" chest="false" skip_if_exists="false">
        <reward>
          <booster name="AdvComp" value="1" />
        </reward>
      </reward_type>
    </reward_point>
    <reward_point cfg_ver="2" value="450" milestone="true">
      <reward_type cfg_ver="5" premium="true" chest="false" skip_if_exists="true">
        <reward content="battle_pass_extra_11_candy_only" />
      </reward_type>
      <reward_type cfg_ver="5" premium="true" chest="false" skip_if_exists="false">
        <reward>
          <booster name="ChefHelping" value="0" endless_duration="60" />
        </reward>
      </reward_type>
      <reward_type cfg_ver="5" premium="false" chest="true" chest_index="2" skip_if_exists="false">
        <reward>
          <booster name="Overtime" value="1" />
          <chest_ticket name="Bronze" value="150" />
          <chest_ticket name="Silver" value="50" />
          <chest_ticket name="Golden" value="25" />
          <chest_ticket name="Diamond" value="10" />
        </reward>
      </reward_type>
    </reward_point>
  </event>
</root>